Herb_ChineseName	Pinyin name	Pharmacopoeial Latin name	Botanical source	Botanical authority	Standardized botanical name source	Material category	Botanical/source note	type	Nature, Flavor and Toxicity	Meridian Tropism	Traditional Actions	Traditional Indications
艾叶	Ai Ye	Artemisiae Argyi Folium	Artemisia argyi	H.Lév. & Vaniot	Chinese Pharmacopoeia 2020 Edition (ChP 2020, Volume 1)	plant-derived medicine	Medicinal part: dried leaf; ChP 2020 Vol.1, Page 12	phytomedicine	辛、苦，温；有小毒	归肝、脾、肾经	温经止血，散寒止痛；外用祛湿止痒	用于吐血，衄血，崩漏，月经过多，胎漏下血，少腹冷痛，经寒不调，宫冷不孕；外治皮肤瘙痒。醋艾炭温经止血，用于虚寒性出血
白芷	Bai Zhi	Angelicae Dahuricae Radix	Angelica dahurica	(Fisch. ex Hoffm.) Benth. & Hook.f. ex Franch. & Sav.	Chinese Pharmacopoeia 2020 Edition; POWO; WFO	plant-derived medicine	Medicinal part is the dried root. Legally sourced variant in Chinese Pharmacopoeia includes Angelica dahurica (Fisch. ex Hoffm.) Benth. & Hook.f. ex Franch. & Sav. var. formosana (Boiss.) H.T.Chang & C.Huang, whose dried root is also eligible for medicinal use.	phytomedicine	辛，温	归胃、大肠、肺经	解表散寒，祛风止痛，宣通鼻窍，燥湿止带，消肿排脓	用于感冒头痛，眉棱骨痛，鼻塞流涕，鼻鼽，鼻渊，牙痛，带下，疮疡肿痛
百部	Bai Bu	Stemonae Radix	Stemona sessilifolia; Stemona japonica; Stemona tuberosa	(Miq.) Miq.; (Blume) Miq.; Lour.	Chinese Pharmacopoeia 2020 Edition; POWO; WFO	plant-derived medicine	Medicinal part is the dried tuberous root. All three listed species are legally acceptable original plants in Chinese Pharmacopoeia.	phytomedicine	甘、苦，微温	归肺经	润肺下气止咳，杀虫灭虱	用于新久咳嗽，肺痨咳嗽，顿咳；外用于头虱，体虱，蛲虫病，阴痒。蜜百部润肺止咳，用于阴虚劳嗽
柏子仁	Bai Zi Ren	Platycladi Semen	Platycladus orientalis	(L.) Franco	Chinese Pharmacopoeia 2020 Edition (ChP 2020, Volume 1)	plant-derived medicine	Medicinal part: dried ripe seed kernel; ChP 2020 Vol.1, Page 35	phytomedicine	甘，平	归心、肾、大肠经	养心安神，润肠通便，止汗	用于阴血不足，虚烦失眠，心悸怔忡，肠燥便秘，阴虚盗汗
败酱草	Bai Jiang Cao	Patriniae Herba	Patrinia scabiosifolia	Fisch. ex Trevir.	Chinese Pharmacopoeia 2020 Edition (ChP 2020, Volume 1)	plant-derived medicine	Multi-basal species; Medicinal part: dried whole herb; ChP 2020 Vol.1, Page 38	phytomedicine	辛、苦，凉	归肝、胃、大肠经	清热解毒，排脓破瘀	治肠痈，下痢，赤白带下，产后瘀滞腹痛，目赤肿痛，痈肿疥癣
板蓝根	Ban Lan Gen	Isatidis Radix	Isatis indigotica	Fort	Chinese Pharmacopoeia 2020 Edition (ChP 2020, Volume 1)	plant-derived medicine	Medicinal part: dried root; ChP 2020 Vol.1, Page 40	phytomedicine	苦，寒	归心、胃经	清热解毒，凉血利咽	用于温疫时毒，发热咽痛，温毒发斑，痄腮，烂喉丹痧，大头瘟疫，丹毒，痈肿
半夏	Ban Xia	Pinelliae Rhizoma	Pinellia ternata	(Thunb.) Breit.	Chinese Pharmacopoeia 2020 Edition (ChP 2020, Volume 1)	plant-derived medicine	Toxic medicinal material; Medicinal part: dried tuber; ChP 2020 Vol.1, Page 42	phytomedicine	辛、温；有毒	归脾、胃、肺经	燥湿化痰，降逆止呕，消痞散结	用于湿痰寒痰，咳喘痰多，痰饮眩悸，风痰眩晕，痰厥头痛，呕吐反胃，胸脘痞闷，梅核气；外治痈肿痰核
北沙参	Bei Sha Shen	Glehniae Radix	Glehnia littoralis	Fr. Schmidt ex Miq	Chinese Pharmacopoeia 2020 Edition (ChP 2020, Volume 1)	plant-derived medicine	Medicinal part: dried root; ChP 2020 Vol.1, Page 45	phytomedicine	甘、微苦，微寒	归肺、胃经	养阴清肺，益胃生津	用于肺热燥咳，劳嗽痰血，胃阴不足，热病津伤，咽干口渴
荜茇	Bi Ba	Piperis Longi Fructus	Piper longum	L	Chinese Pharmacopoeia 2020 Edition (ChP 2020, Volume 1)	plant-derived medicine	Medicinal part: dried spike; ChP 2020 Vol.1, Page 50	phytomedicine	辛，热	归胃、大肠经	温中散寒，下气止痛	用于脘腹冷痛，呕吐，泄泻，寒凝气滞，胸痹心痛，头痛，牙痛
萹蓄	Bian Xu	Polygoni Avicularis Herba	Polygonum aviculare	L.	Chinese Pharmacopoeia 2020 Edition (ChP 2020, Volume 1)	plant-derived medicine	Medicinal part: dried aerial part; ChP 2020 Vol.1, Page 52	phytomedicine	苦，微寒	归膀胱经	利尿通淋，杀虫，止痒	用于热淋涩痛，小便短赤，虫积腹痛，皮肤湿疹，阴痒带下
槟榔	Bing Lang	Arecae Semen	Areca catechu	L	Chinese Pharmacopoeia 2020 Edition (ChP 2020, Volume 1)	plant-derived medicine	Medicinal part: dried ripe seed; ChP 2020 Vol.1, Page 55	phytomedicine	苦、辛，温	归胃、大肠经	杀虫，消积，行气，利水，截疟	用于绦虫病，蛔虫病，姜片虫病，虫积腹痛，积滞泻痢，里急后重，水肿脚气，疟疾
薄荷	Bo He	Menthae Haplocalycis Herba	Mentha haplocalyx	Briq	Chinese Pharmacopoeia 2020 Edition (ChP 2020, Volume 1)	plant-derived medicine	Medicinal part: dried aerial part; ChP 2020 Vol.1, Page 58	phytomedicine	辛，凉	归肺、肝经	疏散风热，清利头目，利咽，透疹，疏肝行气	用于风热感冒，风温初起，头痛，目赤，喉痹，口疮，风疹，麻疹，胸胁胀闷
补骨脂	Bu Gu Zhi	Psoraleae Fructus	Cullen corylifolium	(L.) Medik.	Chinese Pharmacopoeia 2020 Edition (ChP 2020, Volume 1)	plant-derived medicine	Medicinal part: dried ripe fruit; ChP 2020 Vol.1, Page 62	phytomedicine	辛、苦，温	归肾、脾经	温肾助阳，纳气平喘，温脾止泻；外用消风祛斑	用于肾阳不足，阳痿遗精，遗尿尿频，腰膝冷痛，肾虚作喘，五更泄泻；外用治白癜风，斑秃
苍耳子	Cang Er Zi	Xanthii Fructus	Xanthium sibiricum	Patr	Chinese Pharmacopoeia 2020 Edition (ChP 2020, Volume 1)	plant-derived medicine	Medicinal part: dried ripe fruit; ChP 2020 Vol.1, Page 65	phytomedicine	辛、苦，温；有毒	归肺经	散风寒，通鼻窍，祛风湿	用于风寒头痛，鼻塞流涕，鼻鼽，鼻渊，风疹瘙痒，湿痹拘挛
苍术	Cang Zhu	Atractylodis Rhizoma	Atractylodes lancea	(Thunb.) DC.	Chinese Pharmacopoeia 2020 Edition (ChP 2020, Volume 1)	plant-derived medicine	Multi-basal species; Medicinal part: dried rhizome; ChP 2020 Vol.1, Page 68	phytomedicine	辛、苦，温	归脾、胃、肝经	燥湿健脾，祛风散寒，明目	用于湿阻中焦，脘腹胀满，泄泻，水肿，脚气痿躄，风湿痹痛，风寒感冒，夜盲，眼目昏涩
蝉蜕	Chan Tui	Cicadae Periostracum	Cryptotympana pustulata	Fabricius	Chinese Pharmacopoeia 2020 Edition (ChP 2020, Volume 1)	animal-derived medicine	Animal-derived medicine; Medicinal part: nymph exuviae; ChP 2020 Vol.1, Page 70	Animal Medicines	甘，寒	归肺、肝经	疏散风热，利咽，透疹，明目退翳，解痉	用于风热感冒，咽痛音哑，麻疹不透，风疹瘙痒，目赤翳障，惊风抽搐，破伤风
陈皮	Chen Pi	Citri Reticulatae Pericarpium	Citrus reticulata	Blanco	Chinese Pharmacopoeia 2020 Edition (ChP 2020, Volume 1)	plant-derived medicine	Medicinal part: dried ripe pericarp; ChP 2020 Vol.1, Page 80	phytomedicine	苦、辛，温	归肺、脾经	理气健脾，燥湿化痰	用于脘腹胀满，食少吐泻，咳嗽痰多
赤芍	Chi Shao	Paeoniae Radix Rubra	Paeonia lactiflora	Pall	Chinese Pharmacopoeia 2020 Edition (ChP 2020, Volume 1)	plant-derived medicine	Multi-basal species; Medicinal part: dried root; ChP 2020 Vol.1, Page 82	phytomedicine	苦，微寒	归肝经	清热凉血，散瘀止痛	用于热入营血，温毒发斑，吐血衄血，目赤肿痛，肝郁胁痛，经闭痛经，癥瘕腹痛，跌扑损伤，痈肿疮疡
楮实子	Chu Shi Zi	Broussonetiae Fructus	Broussoneria papyrifera	(L.) L'Hér. ex Vent.	Chinese Pharmacopoeia 2020 Edition; POWO; WFO	plant-derived medicine	Medicinal part is the dried ripe fruit of the plant.	phytomedicine	甘，寒	归肝、肾经	补肾清肝，明目，利尿	用于肝肾不足，腰膝酸软，虚劳骨蒸，头晕目昏，目生翳膜，水肿胀满
川贝母	Chuan Bei Mu	Fritillariae Cirrhosae Bulbus	Fritillaria cirrhosa	D.Don	Chinese Pharmacopoeia 2020 Edition (ChP 2020, Volume 1)	plant-derived medicine	Multi-basal species; Medicinal part: dried bulb; ChP 2020 Vol.1, Page 87	phytomedicine	苦、甘，微寒	归肺、心经	清热润肺，化痰止咳，散结消痈	用于肺热燥咳，干咳少痰，阴虚劳嗽，痰中带血，瘰疬，乳痈，肺痈
川牛膝	Chuan Niu Xi	Cyathulae Radix	Cyathula officinalis	Kuan	Chinese Pharmacopoeia 2020 Edition (ChP 2020, Volume 1)	plant-derived medicine	Medicinal part: dried root; ChP 2020 Vol.1, Page 89	phytomedicine	甘、微苦，平	归肝、肾经	逐瘀通经，通利关节，利尿通淋	用于经闭癥瘕，胞衣不下，跌扑损伤，风湿痹痛，足痿筋挛，尿血血淋
川芎	Chuan Qiong	Chuanxiong Rhizoma	Ligusticum chuanxiong	Hort.	Chinese Pharmacopoeia 2020 Edition (ChP 2020, Volume 1)	plant-derived medicine	Medicinal part: dried rhizome; ChP 2020 Vol.1, Page 90	phytomedicine	辛，温	归肝、胆、心包经	活血行气，祛风止痛	用于胸痹心痛，胸胁刺痛，跌扑肿痛，月经不调，经闭痛经，癥瘕腹痛，头痛，风湿痹痛
穿山龙	Chuan Shan Long	Dioscoreae Nipponicae Rhizoma	Dioscorea nipponica	Makino	Zhongyao Da Baike	plant-derived medicine	Medicinal part: dried rhizome; collected in spring/autumn	phytomedicine	平，苦	归肝、肺经	祛除风湿，活血通络，止痛消肿	用于风湿痹痛，肌肤麻木，关节屈伸不利，跌打损伤，淤血阻滞，热痰咳嗽
垂盆草	Chui Pen Cao	Sedi Herba	Sedum sarmentosum	Bunge	Chinese Pharmacopoeia 2020 Edition (ChP 2020, Volume 1)	plant-derived medicine	Medicinal part: dried whole herb; ChP 2020 Vol.1, Page 93	phytomedicine	甘、淡，凉	归肝经、胆经、小肠经	清热解毒，利湿退黄	用于湿热黄疸，小便不利，痈肿疮疡，急、慢性肝炎
椿皮	Chun Pi	Ailanthi Cortex	Ailanthus altissima	(Mill.) Swingle	Chinese Pharmacopoeia 2020 Edition; POWO; WFO	plant-derived medicine	Medicinal part: dried root bark or stem bark of Ailanthus altissima.	phytomedicine	苦、涩，寒	归大肠、胃、肝经	清热燥湿，收涩止带，止泻，止血	用于赤白带下，湿热泻痢，久泻久痢，便血，崩漏
磁石	Ci Shi	Magnetitum	Not applicable (mineral)	Not applicable (mineral)	Chinese Pharmacopoeia 2020 Edition (ChP 2020, Volume 1)	mineral medicine	Mineral-derived medicine; Main component: Fe₃O₄; ChP 2020 Vol.1, Page 75	Mineral Medicine	咸，寒	归肝、心、肾经	镇惊安神，平肝潜阳，聪耳明目，纳气平喘	用于惊悸失眠，头晕目眩，视物昏花，耳鸣耳聋，肾虚气喘
刺五加	Ci Wu Jia	Acanthopanacis Senticosi Radix et Rhizoma seu Caulis	Eleutherococcus senticosus	(Rupr. & Maxim.) Maxim.	Chinese Pharmacopoeia 2020 Edition; POWO; WFO	plant-derived medicine	Medicinal part is the dried root and rhizome, or stem of the plant.	phytomedicine	辛、微苦，温	归脾、肾、心经	益气健脾，补肾安神	用于脾肾阳虚，体虚乏力，食欲不振，腰膝酸痛，失眠多梦
大腹皮	Da Fu Pi	Arecae Pericarpium	Areca catechu	L.	Chinese Pharmacopoeia 2020 Edition (ChP 2020, Volume 1)	plant-derived medicine	Medicinal part: dried pericarp; ChP 2020 Vol.1, Page 96	phytomedicine	辛，微温	归脾、胃、大肠、小肠经	行气宽中，行水消肿	用于湿阻气滞，脘腹胀闷，大便不爽，水肿胀满，脚气浮肿，小便不利
大枣	Da Zao	Jujubae Fructus	Ziziphus jujuba	Mill.	Chinese Pharmacopoeia 2020 Edition (ChP 2020, Volume 1)	plant-derived medicine	Medicinal part: dried ripe fruit; ChP 2020 Vol.1, Page 101	phytomedicine	甘，温	归脾、胃、心经	补中益气，养血安神	用于脾虚食少，乏力便溏，妇人脏躁
丹参	Dan Shen	Salviae Miltiorrhizae Radix et Rhizoma	Salvia miltiorrhiza	Bge.	Chinese Pharmacopoeia 2020 Edition (ChP 2020, Volume 1)	plant-derived medicine	Medicinal part: dried root and rhizome; ChP 2020 Vol.1, Page 103	phytomedicine	苦，微寒	归心、肝经	活血祛瘀，通经止痛，清心除烦，凉血消痈	用于胸痹心痛，脘腹胁痛，癥瘕积聚，热痹疼痛，心烦不眠，月经不调，痛经经闭，疮疡肿痛
淡豆豉	Dan Dou Chi	Sojae Semen Praeparatum	Glycine max	(L.) Merr.	Chinese Pharmacopoeia 2020 Edition (ChP 2020, Volume 1)	plant-derived medicine	Fermented processed product; Medicinal base: soybean; ChP 2020 Vol.1, Page 105	phytomedicine	苦、辛，凉	归肺、胃经	解表，除烦，宣发郁热	用于感冒，寒热头痛，烦躁胸闷，虚烦不眠
当归	Dang Gui	Angelicae Sinensis Radix	Angelica sinensis	(Oliv.) Diels	Chinese Pharmacopoeia 2020 Edition (ChP 2020, Volume 1)	plant-derived medicine	Medicinal part: dried root; ChP 2020 Vol.1, Page 28	phytomedicine	甘、辛，温	归肝、心、脾经	补血活血，调经止痛，润肠通便	用于血虚萎黄，眩晕心悸，月经不调，经闭痛经，虚寒腹痛，风湿痹痛，跌扑损伤，痈疽疮疡，肠燥便秘。酒当归活血通经，用于经闭痛经，风湿痹痛，跌扑损伤
党参	Dang Shen	Codonopsis Radix	Codonopsis pilosula; Codonopsis pilosula var. modesta; Codonopsis tangshen	(Franch.) Nannf.; (Nannf.) L.T.Shen; Oliv.	Chinese Pharmacopoeia 2020 Edition; POWO; WFO	plant-derived medicine	Medicinal part is the dried root. All three listed taxa are legally acceptable original plants in Chinese Pharmacopoeia.	phytomedicine	甘，平	归脾、肺经	健脾益肺，养血生津	用于脾肺气虚，食少倦怠，咳嗽虚喘，气血不足，面色萎黄，心悸气短，津伤口渴，内热消渴
地骨皮	Di Gu Pi	Lycii Cortex	Lycium chinense	Mill.	Chinese Pharmacopoeia 2020 Edition (ChP 2020, Volume 1)	plant-derived medicine	Multi-basal species; Medicinal part: dried root bark; ChP 2020 Vol.1, Page 108	phytomedicine	甘，寒	归肺、肝、肾经	凉血除蒸，清肺降火	用于阴虚潮热，骨蒸盗汗，肺热咳嗽，咯血，衄血，内热消渴
地黄	Di Huang	Rehmanniae Radix	Rehmannia glutinosa	(Gaertn.) DC.	Chinese Pharmacopoeia 2020 Edition (ChP 2020, Volume 1)	plant-derived medicine	Medicinal part: tuberous root; raw material for Shudihuang; ChP 2020 Vol.1, Page 109	phytomedicine	甘、苦，寒	归心、肝、肾经	鲜地黄　清热生津，凉血，止血	用于热病伤阴，舌绛烦渴，温毒发斑，吐血，衄血，咽喉肿痛
地龙	Di Long	Pheretima	Pheretima aspergillum; Pheretima vulgaris; Pheretima guillelmi; Pheretima pectinifera	(E.Perrier); Chen; (Michaelsen); Michaelsen	Chinese Pharmacopoeia 2020 Edition; GBIF	animal-derived medicine	"Medicinal part is the dried body of the animal. All four listed species are legally acceptable original animals in Chinese Pharmacopoeia. Pheretima aspergillum is commonly known as ""Guang Dilong"", while the other three are collectively known as ""Hu Dilong""."	Animal Medicines	咸，寒	归肝、脾、膀胱经	清热定惊，通络，平喘，利尿	用于高热神昏，惊痫抽搐，关节痹痛，肢体麻木，半身不遂，肺热喘咳，水肿尿少
地榆	Di Yu	Sanguisorbae Radix	Sanguisorba officinalis	L.	Chinese Pharmacopoeia 2020 Edition (ChP 2020, Volume 1)	plant-derived medicine	Multi-basal species; Medicinal part: dried root; ChP 2020 Vol.1, Page 111	phytomedicine	苦、酸、涩，微寒	归肝、大肠经	凉血止血，解毒敛疮	用于便血，痔血，血痢，崩漏，水火烫伤，痈肿疮毒
丁香	Ding Xiang	Caryophylli Flos	Eugenia caryophllata	Thunb	Chinese Pharmacopoeia 2020 Edition (ChP 2020, Volume 1)	plant-derived medicine	Medicinal part: dried flower bud; ChP 2020 Vol.1, Page 112	phytomedicine	辛，温	归脾、胃、肺、肾经	温中降逆，补肾助阳	用于脾胃虚寒，呃逆呕吐，食少吐泻，心腹冷痛，肾虚阳痿
冬瓜子	Dong Gua Zi	Benincasae Semen	Benincasa hispida	(Thunb.) Cogn.	Chinese Pharmacopoeia 2020 Edition (ChP 2020, Volume 1)	plant-derived medicine	Medicinal part: dried ripe seed; ChP 2020 Vol.1, Page 114	phytomedicine	味甘，性微寒	归肺，大肠经	清肺化痰，消痈排脓，利湿	主痰热咳嗽，肺痈，肠痈，白浊，带下，脚气，水肿，淋证
豆蔻	Dou Kou	Amomi Fructus Rotundus	Amomum kravanh	Pierre ex Gagnep.	Chinese Pharmacopoeia 2020 Edition (ChP 2020, Volume 1)	plant-derived medicine	Multi-basal species; Medicinal part: dried nearly ripe fruit; ChP 2020 Vol.1, Page 115	phytomedicine	辛，温	归肺、脾、胃经	化湿行气，温中止呕，开胃消食	用于湿浊中阻，不思饮食，湿温初起，胸闷不饥，寒湿呕逆，胸腹胀痛，食积不消
杜仲	Du Zhong	Eucommiae Cortex	Eucommia ulmoides	Oliv.	Chinese Pharmacopoeia 2020 Edition (ChP 2020, Volume 1)	plant-derived medicine	Medicinal part: dried stem bark; ChP 2020 Vol.1, Page 117	phytomedicine	甘，温	归肝、肾经	补肝肾，强筋骨，安胎	用于肝肾不足，腰膝酸痛，筋骨无力，头晕目眩，妊娠漏血，胎动不安
莪术	E Shu	Curcumae Rhizoma	Curcuma aerugionosa	Roxb	Chinese Pharmacopoeia 2020 Edition (ChP 2020, Volume 1)	plant-derived medicine	Multi-basal species; Medicinal part: dried rhizome; ChP 2020 Vol.1, Page 118	phytomedicine	辛、苦，温	归肝、脾经	行气破血，消积止痛	用于癥瘕痞块，瘀血经闭，胸痹心痛，食积胀痛
鹅不食草	E Bu Shi Cao	Centipedae Herba	Centipeda minima	(L.) A.Braun et Asch.	Zhongyao Da Baike	plant-derived medicine	Medicinal part: dried whole herb; collected in summer/autumn	phytomedicine	辛，温	归肺经	发散风寒，通鼻窍，止咳	用于风寒头痛，咳嗽痰多，鼻塞不通，鼻渊流涕
儿茶	Er Cha	Acaciae Catechu	Senegalia catechu	(L.f.) P.J.H.Hurter & Mabb.	Chinese Pharmacopoeia 2020 Edition; POWO; WFO	plant-derived medicine (extract)	Medicinal material is the dried decoction extract prepared from the peeled branch and stem of the plant. The basionym Acacia catechu (L.f.) Willd. is widely cited in Chinese Pharmacopoeia and traditional medicinal literature.	phytomedicine	苦、涩，微寒	归肺、心经	活血止痛，止血生肌，收湿敛疮，清肺化痰	用于跌扑伤痛，外伤出血，吐血衄血，疮疡不敛，湿疹、湿疮，肺热咳嗽
法半夏	Fa Ban Xia	Pinelliae Rhizoma Praeparatum	Pinellia ternata	(Thunb.) Breit.	Chinese Pharmacopoeia 2020 Edition (ChP 2020, Volume 1)	plant-derived medicine	Processed herbal piece derived from 半夏; Toxic medicinal material; Medicinal part: dried tuber; ChP 2020 Vol.1, Page 42	phytomedicine	辛，温，有毒	归脾、胃、肺经	燥湿化痰，降逆止呕，消痞散结	用于痰多咳喘、痰饮眩悸、内痰眩晕、呕吐反胃、胸脘痞闷、梅核气症；生用外治痈肿痰核，姜半夏多用于降逆止呕
防风	Fang Feng	Saposhnikoviae Radix	Saposhnikovia divaricata	(Turcz.) Schischk.	Zhongyao Da Baike (https://zhongyibaike.com/wiki/%E4%B8%AD%E8%8D%AF%E5%A4%A7%E5%85%A8)	plant-derived medicine	Medicinal part: dried root; collected in spring/autumn; main areas: Northeast China, Inner Mongolia	phytomedicine	辛、甘，微温	归膀胱、肝、脾经	祛风解表，胜湿止痛，止痉	用于感冒头痛，风湿痹痛，风疹瘙痒，破伤风
防己	Fang Ji	Stephaniae Tetrandrae Radix	Stephania tetrandra	S. Moore	Zhongyao Da Baike	plant-derived medicine	Medicinal part: dried root; collected in autumn/winter	phytomedicine	苦，寒	归膀胱、肺经	祛风止痛，利水消肿	用于风湿痹痛，水肿脚气，小便不利，湿疹疮毒
茯苓	Fu Ling	Poria	Wolfiporia cocos	(Schwein.) Ryvarden & Gilb.	POWO; WFO; Chinese Pharmacopoeia 2020 Edition	fungus-derived medicine	Medicinal part is the dried sclerotium of the fungus. The synonym Poria cocos (Schwein.) F.A.Wolf is widely accepted and cited in Chinese Pharmacopoeia and traditional medicinal literature.	phytomedicine	甘、淡，平	归心、肺、脾、肾经	利水渗湿，健脾，宁心	用于水肿尿少，痰饮眩悸，脾虚食少，便溏泄泻，心神不安，惊悸失眠
茯神	Fu Shen	Poria cum Radix Pini	Poria cocos	(Schw.) Wolf	Zhongyao Da Baike	fungus-derived medicine	Medicinal part: sclerotium with pine core; processed like Poria	phytomedicine	甘，淡，平	归心，脾经	宁心，安神，利水	治心虚惊悸，健忘，失眠，惊痫，小便不利
浮小麦	Fu Xiao Mai	Tritici Levis Fructus	Triticum aestivum	L.	Zhongyao Da Baike (https://zhongyibaike.com/wiki/%E4%B8%AD%E8%8D%AF%E5%A4%A7%E5%85%A8)	plant-derived medicine	Medicinal part: dried light/shrunken seed; screened from common wheat	phytomedicine	甘，凉	归心经	除虚热，止汗	治骨蒸劳热，止自汗盗汗
附子	Fu Zi	Aconiti Lateralis Radix Praeparata	Aconitum carmichaelii	Debx.	Zhongyao Da Baike	processed plant-derived medicine	Toxic; processed to reduce toxicity; medicinal part: daughter root	phytomedicine	辛、甘，大热；有毒	归心、肾、脾经	回阳救逆，补火助阳，散寒止痛	用于亡阳虚脱，肢冷脉微，心阳不足，胸痹心痛，虚寒吐泻，脘腹冷痛，肾阳虚衰，阳痿宫冷，阴寒水肿，阳虚外感，寒湿痹痛
覆盆子	Fu Pen Zi	Rubi Fructus	Rubus chingii	Hu	Zhongyao Da Baike	plant-derived medicine	Medicinal part: dried aggregate fruit; collected in summer	phytomedicine	甘、酸，温	归肝、肾、膀胱经	益肾固精缩尿，养肝明目	用于遗精滑精，遗尿尿频，阳痿早泄，目暗昏花
干姜	Gan Jiang	Zingiberis Rhizoma	Zingiber officinale	Rosc	Zhongyao Da Baike	plant-derived medicine	Medicinal part: dried rhizome; collected in winter	phytomedicine	辛，热	归脾、胃、肾、心、肺经	温中散寒，回阳通脉，温肺化饮	用于脘腹冷痛，呕吐泄泻，肢冷脉微，寒饮喘咳
甘草	Gan Cao	Glycyrrhizae Radix et Rhizoma	Glycyrrhiza uralensis	Fisch	Chinese Pharmacopoeia 2020 Edition (ChP 2020, Volume 1)	plant-derived medicine	Multi-basal species; Medicinal part: dried root and rhizome; ChP 2020 Vol.1, Page 100	phytomedicine	甘，平	归心、肺、脾、胃经	补脾益气，清热解毒，祛痰止咳，缓急止痛，调和诸药	用于脾胃虚弱，倦怠乏力，心悸气短，咳嗽痰多，脘腹、四肢挛急疼痛，痈肿疮毒，缓解药物毒性、烈性
甘松	Gan Song	Nardostachyos Radix et Rhizoma	Nardostachys jatamansi	DC.	Zhongyao Da Baike	plant-derived medicine	Medicinal part: dried root and rhizome; collected in autumn; aromatic	phytomedicine	辛、甘，温	归脾、胃经	理气止痛，开郁醒脾；外用祛湿消肿	用于脘腹胀满，食欲不振，呕吐；外用治牙痛，脚气肿毒
葛根	Ge Gen	Puerariae Lobatae Radix	Pueraria montana var. lobata	(Willd.) Maesen & S.M.Almeida ex Sanjappa & Predeep	Chinese Pharmacopoeia 2020 Edition; POWO; WFO	plant-derived medicine	Medicinal part is the dried root of the plant. The synonym Pueraria lobata (Willd.) Ohwi is widely cited in Chinese Pharmacopoeia and traditional medicinal literature.	phytomedicine	甘、辛，凉	归脾、胃、肺经	解肌退热，生津止渴，透疹，升阳止泻，通经活络，解酒毒	用于外感发热头痛，项背强痛，口渴，消渴，麻疹不透，热痢，泄泻，眩晕头痛，中风偏瘫，胸痹心痛，酒毒伤中
钩藤	Gou Teng	Uncariae Ramulus cum Uncis	Uncaria rhynchophylla; Uncaria macrophylla; Uncaria hirsuta; Uncaria sinensis; Uncaria sessilifructus	(Miq.) Miq. ex Havil.; Wall.; Havil.; (Oliv.) Havil.; Roxb.	Chinese Pharmacopoeia 2020 Edition; POWO; WFO	plant-derived medicine	Medicinal part is the dried stem branch with hooks. All five listed species are legally acceptable original plants in Chinese Pharmacopoeia.	phytomedicine	甘，凉	归肝、心包经	息风定惊，清热平肝	用于肝风内动，惊痫抽搐，高热惊厥，感冒夹惊，小儿惊啼，妊娠子痫，头痛眩晕
狗脊	Gou Ji	Cibotii Rhizoma	Cibotium barometz	 (L.) J.Sm.	Chinese Pharmacopoeia 2020 Edition; POWO; WFO	plant-derived medicine (fern)	Medicinal part is the dried rhizome of the plant.	phytomedicine	苦、甘，温	归肝、肾经	祛风湿，补肝肾，强腰膝	用于风湿痹痛，腰膝酸软，下肢无力
枸杞子	Gou Qi Zi	Lycii Fructus	Lycium barbarum	L.	Chinese Pharmacopoeia 2020 Edition (ChP 2020, Volume 1)	plant-derived medicine	Medicinal part: dried ripe fruit; ChP 2020 Vol.1, Page 240	phytomedicine	甘，平	归肝、肾经	滋补肝肾，益精明目	用于虚劳精亏，腰膝酸痛，眩晕耳鸣，阳萎遗精，内热消渴，血虚萎黄，目昏不明
谷精草	Gu Jing Cao	Eriocauli Flos	Eriocaulon buergerianum	Koern.	Zhongyao Da Baike	plant-derived medicine	Medicinal part: dried inflorescence; collected in summer/autumn	phytomedicine	辛、甘，平	归肝、肺经	疏散风热，明目退翳	用于风热目赤，肿痛羞明，眼生翳膜，风热头痛
瓜蒌	Gua Lou	Trichosanthis Fructus	Trichosanthes kirilowii	Maxim	Zhongyao Da Baike	plant-derived medicine	Medicinal part: dried ripe fruit; split into halves before drying	phytomedicine	甘、微苦，寒	归肺、胃、大肠经	清热涤痰，宽胸散结，润燥滑肠	用于肺热咳嗽，痰浊黄稠，胸痹心痛，结胸痞满，乳痈，肺痈，肠痈，大便秘结
瓜蒌皮	Gua Lou Pi	Trichosanthis Pericarpium	Trichosanthes kirilowii	Maxim	Zhongyao Da Baike	plant-derived medicine	Medicinal part: dried pericarp; separated from Trichosanthis Fructus	phytomedicine	甘，寒	归肺、胃经	清热化痰，利气宽胸	用于痰热咳嗽，胸闷胁痛
瓜蒌子	Gua Lou Zi	Trichosanthis Semen	Trichosanthes kirilowii	Maxim	Zhongyao Da Baike	plant-derived medicine	Medicinal part: dried ripe seed; often stir-fried to enhance efficacy	phytomedicine	甘，寒	归肺、胃、大肠经	润肺化痰，滑肠通便	用于燥咳痰黏，肠燥便秘
瓜萎子	Gua Wei Zi	Trichosanthis Semen	Trichosanthes kirilowii	Maxim.	Zhongyao Da Baike	plant-derived medicine	Medicinal part: dried ripe seed; often stir-fried to enhance efficacy	phytomedicine	甘，寒	归肺、胃、大肠经	润肺化痰，滑肠通便	用于燥咳痰黏，肠燥便秘
贯众	Guan Zhong	Cyrtomii Rhizoma	Dryopteris crassirhizoma	Nakai	Chinese Pharmacopoeia 2020 Edition (Volume I)	plant-derived medicine	Source: Zhongyao Da Baike (URL: https://www.zhongyibaike.com/wiki/%E8%B4%AF%E4%BC%97)	phytomedicine	苦，涩，微寒，有小毒	归肝，胃经	杀蛔、绦、蛲虫，清热解毒，凉血止血	治风热感冒，温热斑疹，吐血，衄血，肠风便血，血痢，血崩，带下，疮疡，尿血，月经过多，刀伤出血，蛔虫、饶虫、绦虫病，人工流产，产后出血
广藿香	Guang Huo Xiang	Pogostemonis Herba	Pogostemon cablin	(Blanco) Benth.	Chinese Pharmacopoeia 2020 Edition; POWO; WFO	plant-derived medicine	Medicinal part: dried aerial part of Pogostemon cablin.	phytomedicine	辛，微温	归脾、胃、肺经	芳香化浊，和中止呕，发表解暑	用于湿浊中阻，脘痞呕吐，暑湿表证，湿温初起，发热倦怠，胸闷不舒，寒湿闭暑，腹痛吐泻，鼻渊头痛
龟甲	Gui Jia	Testudinis Carapax et Plastrum	Mauremys reevesii	(Gray)	Chinese Pharmacopoeia 2020 Edition; POWO; GBIF	animal-derived medicine	Medicinal part is the dried carapace and plastron of the animal. The synonym Chinemys reevesii (Gray) is widely cited in Chinese Pharmacopoeia and traditional medicinal literature.	Animal Medicines	咸、甘，微寒	归肝、肾、心经	滋阴潜阳，益肾强骨，养血补心，固经止崩	用于阴虚潮热，骨蒸盗汗，头晕目眩，虚风内动，筋骨痿软，心虚健忘，崩漏经多
桂枝	Gui Zhi	Cinnamomi Ramulus	Cinnamomum cassia	Presl	Chinese Pharmacopoeia 2020 Edition (ChP 2020, Volume 1)	plant-derived medicine	Medicinal part: dried young twig; ChP 2020 Vol.1, Page 250	phytomedicine	辛、甘，温	归心、肺、膀胱经	发汗解肌，温通经脉，助阳化气，平冲降气	用于风寒感冒，脘腹冷痛，血寒经闭，关节痹痛，痰饮，水肿，心悸，奔豚
海蛤壳	Hai Ha Ke	Meretricis Concha	Meretrix meretrix	Linnaeus	Zhongyao Da Baike	animal-derived medicine (shell)	Medicinal part: dried shell; collected after fishing	Animal Medicines	苦，咸，寒	归肺、胃经	清热化痰，软坚散结，制酸止痛	用于痰火咳嗽，胸胁疼痛，痰中带血，瘰疠，瘿瘤，胃痛吞酸；外治湿疹，烫伤
海螵蛸	Hai Piao Shao	Sepiae Endoconcha	Sepiella maindronide	Rochebrune	Zhongyao Da Baike	animal-derived medicine	Medicinal part: dried inner shell; used for hemostasis	Animal Medicines	咸、涩，温	归脾、肾经	收敛止血，涩精止带，制酸止痛，收湿敛疮	用于吐血衄血，崩漏便血，遗精滑精，赤白带下，胃痛吞酸；外治损伤出血，湿疹湿疮，溃疡不敛
海藻	Hai Zao	Sargassum	Sargassum pallidum; Sargassum fusiforme	(Turner) C.Agardh; (Harvey) Setchell	Chinese Pharmacopoeia 2020 Edition; POWO; WFO	plant-derived medicine (algae)	Medicinal part: dried thallus of Sargassum pallidum or Sargassum fusiforme.	phytomedicine	苦、咸，寒	归肝、胃、肾经	消痰软坚散结，利水消肿	用于瘿瘤，瘰疬，睾丸肿痛，痰饮水肿
诃子	He Zi	Chebulae Fructus	Terminalia chebula; Terminalia chebula var. tomentella	Retz.; Retz. var. tomentella Kurt.	Zhongyao Da Baike	plant-derived medicine	Medicinal part: dried ripe fruit; collected in autumn	phytomedicine	苦、酸、涩，平	归肺、大肠经	涩肠止泻，敛肺止咳，降火利咽	用于久泻久痢，便血脱肛，肺虚喘咳，久嗽不止，咽痛音哑
合欢皮	He Huan Pi	Albiziae Cortex	Albizia julibrissin	Durazz	Zhongyao Da Baike	plant-derived medicine	Medicinal part: dried bark; collected in spring/summer	phytomedicine	甘，平	归心、肝、肺经	解郁安神，活血消肿	用于心神不安，忧郁失眠，肺痈，疮肿，跌扑伤痛
何首乌	He Shou Wu	Polygoni Multiflori Radix	Polygonum multiflorum	Thunb	Zhongyao Da Baike	plant-derived medicine	Medicinal part: dried root; collected in autumn/winter	phytomedicine	苦、甘、涩，微温	归肝、心、肾经	解毒，消痈，截疟，润肠通便	用于疮痈，瘰疬，风疹瘙痒，久疟体虚，肠燥便秘
核桃仁	He Tao Ren	Juglandis Semen	Juglans regia	L	Zhongyao Da Baike	plant-derived medicine	Medicinal part: dried kernel; collected in autumn	phytomedicine	甘，温	归肾、肺、大肠经	补肾，温肺，润肠	用于肾阳不足，腰膝酸软，阳痿遗精，虚寒喘嗽，肠燥便秘
红景天	Hong Jing Tian	Rhodiolae Radix et Rhizoma	Rhodiola crenulata	(Hook. f. et Thoms.) H. Ohba	Zhongyao Da Baike	plant-derived medicine	Medicinal part: dried root/rhizome; collected in autumn	phytomedicine	甘、苦，平	归肺、心经	益气活血，通脉平喘	用于气虚血瘀，胸痹心痛，中风偏瘫，倦怠气喘
红藤	Hong Teng	Sargentodoxae Caulis	Sargentodoxa cuneata		Zhongyao Da Baike	plant-derived medicine	Medicinal part: dried stem; collected in autumn/winter	phytomedicine	苦，平	归肝，大肠经	败毒消痈，活血通络，祛风杀虫	治急、慢性阑尾炎，风湿痹痛，赤痢，血淋，月经不调，疳积，虫痛，跌扑损伤
厚朴	Hou Po	Magnoliae Officinalis Cortex	Magnolia officinalis	Rehd. et Wils	Zhongyao Da Baike	plant-derived medicine	Medicinal part: dried bark; collected in April-June	phytomedicine	苦、辛，温	归脾、胃、肺、大肠经	燥湿消痰，下气除满	用于湿滞伤中，脘痞吐泻，食积气滞，腹胀便秘，痰饮喘咳
厚朴花	Hou Po Hua	Magnoliae Officinalis Flos	Magnolia officinalis; Magnolia officinalis var. biloba	Rehd. et Wils.; Rehd. et Wils. var. biloba	Zhongyao Da Baike	plant-derived medicine	Medicinal part: dried flower bud; collected in spring	phytomedicine	苦，微温	归脾、胃经	芳香化湿，理气宽中	用于脾胃湿阻气滞，胸脘痞闷胀满，纳谷不香
胡黄连	Hu Huang Lian	Picrorhizae Rhizoma	Picrorhiza scrophulariiflora	Pennell	Zhongyao Da Baike (https://zhongyibaike.com/wiki/%E4%B8%AD%E8%8D%AF%E5%A4%A7%E5%85%A8)	plant-derived medicine	Medicinal part: dried rhizome; collected in autumn	phytomedicine	苦，寒	归肝、胃、大肠经	退虚热，除疳热，清湿热	用于骨蒸潮热，小儿疳热，湿热泻痢，黄疸尿赤，痔疮肿痛
胡椒	Hu Jiao	Piperis Nigri Fructus	Piper nigrum	L.	Zhongyao Da Baike	plant-derived medicine	Medicinal part: dried ripe fruit; divided into black/white pepper	phytomedicine	辛，热	归胃、大肠经	温中散寒，下气，消痰	用于胃寒呕吐，腹痛泄泻，食欲不振，癫痫痰多
虎杖	Hu Zhang	Polygoni Cuspidati Rhizoma et Radix	Polygonum cuspidatum	Sieb. et Zucc	Zhongyao Da Baike	plant-derived medicine	Medicinal part: dried rhizome and root; collected in spring/autumn	phytomedicine	微苦，微寒	归肝、胆、肺经	利湿退黄，清热解毒，散瘀止痛，止咳化痰	用于湿热黄疸，淋浊，带下，风湿痹痛，痈肿疮毒，水火烫伤，经闭，癥瘕，跌打损伤，肺热咳嗽
化橘红	Hua Ju Hong	Citri Grandis Exocarpium	Citrus grandis	Tomentosa	Zhongyao Da Baike	plant-derived medicine	Medicinal part: dried outer pericarp; main producing area: Huazhou, Guangdong	phytomedicine	苦，辛，温	归脾，肺经	燥湿化痰，理气，消食	主风寒咳喘痰多，呕吐呃逆，食积不化，脘腹胀痛
槐花	Huai Hua	Sophorae Flos	Sophora japonica	L	Zhongyao Da Baike	plant-derived medicine	Medicinal part: dried flower/flower bud; collected in summer	phytomedicine	苦，微寒	归肝、大肠经	凉血止血，清肝泻火	用于便血，痔血，血痢，崩漏，吐血，衄血，肝热目赤，头痛眩晕
黄柏	Huang Bai	Phellodendri Chinensis Cortex	Phellodendron chinense	Schneid.	Zhongyao Da Baike	plant-derived medicine	Medicinal part: dried bark; collected in summer	phytomedicine	苦，寒	归肾、膀胱经	清热燥湿，泻火除蒸，解毒疗疮	用于湿热泻痢，黄疸尿赤，带下阴痒，热淋涩痛，脚气痿躄，骨蒸劳热，盗汗，遗精，疮疡肿毒，湿疹湿疮。盐黄柏滋阴降火，用于阴虚火旺，盗汗骨蒸
黄精	Huang Jing	Polygonati Rhizoma	Polygonatum sibiricum	Red.	Zhongyao Da Baike	plant-derived medicine	Medicinal part: dried rhizome; processed by steaming; collected in autumn/winter	phytomedicine	甘，平	归脾、肺、肾经	补气养阴，健脾，润肺，益肾	用于脾胃气虚，体倦乏力，胃阴不足，口干食少，肺虚燥咳，劳嗽咳血，精血不足，腰膝酸软，须发早白，内热消渴
黄连	Huang Lian	Coptidis Rhizoma	Coptis chinensis	Franch	Chinese Pharmacopoeia 2020 Edition (ChP 2020, Volume 1)	plant-derived medicine	Multi-basal species; Medicinal part: dried rhizome; ChP 2020 Vol.1, Page 300	phytomedicine	苦，寒	归心、脾、胃、肝、胆、大肠经	清热燥湿，泻火解毒	用于湿热痞满，呕吐吞酸，泻痢，黄疸，高热神昏，心火亢盛，心烦不寐，心悸不宁，血热吐衄，目赤，牙痛，消渴，痈肿疔疮；外治湿疹，湿疮，耳道流脓。酒黄连善清上焦火热，用于目赤，口疮。姜黄连清胃和胃止呕，用于寒热互结，湿热中阻，痞满呕吐。萸黄连舒肝和胃止呕，用于肝胃不和，呕吐吞酸
黄芪	Huang Qi	Astragali Radix	Astragalus mongholicus; Astragalus membranaceus	Bunge; (Fisch.) Bunge	Chinese Pharmacopoeia 2020 Edition (ChP 2020, Volume 1)	plant-derived medicine	Medicinal part is the dried root. Both listed taxa are legally acceptable original plants in Chinese Pharmacopoeia. The synonym Astragalus membranaceus var. mongholicus (Bunge) P.G.Xiao is widely cited in Chinese Pharmacopoeia for Astragalus mongholicus.	phytomedicine	甘，微温	归肺、脾经	补气升阳，固表止汗，利水消肿，生津养血，行滞通痹，托毒排脓，敛疮生肌	用于气虚乏力，食少便溏，中气下陷，久泻脱肛，便血崩漏，表虚自汗，气虚水肿，内热消渴，血虚萎黄，半身不遂，痹痛麻木，痈疽难溃，久溃不敛
黄芩	Huang Qin	Scutellariae Radix	Scutellaria baicalensis	Georgi	Chinese Pharmacopoeia 2020 Edition (ChP 2020, Volume 1)	plant-derived medicine	Medicinal part: dried root; ChP 2020 Vol.1, Page 302	phytomedicine	苦，寒	归肺、胆、脾、大肠、小肠经	清热燥湿，泻火解毒，止血，安胎	用于湿温、暑湿，胸闷呕恶，湿热痞满，泻痢，黄疸，肺热咳嗽，高热烦渴，血热吐衄，痈肿疮毒，胎动不安
火麻仁	Huo Ma Ren	Cannabis Fructus	Cannabis sativa	L.	Zhongyao Da Baike	plant-derived medicine	Medicinal part: dried ripe seed; collected in autumn	phytomedicine	甘，平	归脾、胃、大肠经	润肠通便	用于血虚津亏，肠燥便秘
鸡内金	Ji Nei Jin	Galli Gigerii Endothelium Corneum	Gallus gallus domesticus	Brisson	Zhongyao Da Baike	animal-derived medicine	Medicinal part: dried gizzard inner wall; stir-fried for digestion	Animal Medicines	甘，平	归脾、胃、小肠、膀胱经	健胃消食，涩精止遗，通淋化石	用于食积不消，呕吐泻痢，小儿疳积，遗尿，遗精，石淋涩痛，胆胀胁痛
蒺藜	Ji Li	Tribuli Fructus	Tribulus terrestris	L	Zhongyao Da Baike	plant-derived medicine	Medicinal part: dried ripe fruit; processed to remove thorns	phytomedicine	辛、苦，微温；有小毒	归肝经	平肝解郁，活血祛风，明目，止痒	用于头痛眩晕，胸胁胀痛，乳闭乳痈，目赤翳障，风疹瘙痒
姜黄	Jiang Huang	Curcumae Longae Rhizoma	Curcuma longa	L	Zhongyao Da Baike	plant-derived medicine	Medicinal part: dried rhizome; collected in winter	phytomedicine	辛、苦，温	归脾、肝经	破血行气，通经止痛	用于胸胁刺痛，胸痹心痛，痛经经闭，癥瘕，风湿肩臂疼痛，跌扑肿痛
僵蚕	Jiang Can	Bombyx Batryticatus	Bombyx mori	L.	Chinese Pharmacopoeia 2020 Edition; GBIF	animal-derived medicine (fungal-infected)	Medicinal material is the dried body of 4th-5th instar larva of the domestic silkworm, which is infected (or artificially inoculated) with the entomopathogenic fungus Beauveria bassiana (Bals.-Criv.) Vuill.	Animal Medicines	咸、辛，平	归肝、肺、胃经	息风止痉，祛风止痛，化痰散结	用于肝风夹痰，惊痫抽搐，小儿急惊风，破伤风，中风口㖞，风热头痛，目赤咽痛，风疹瘙痒，发颐痄腮
焦槟榔	Jiao Bing Lang	Arecae Semen Tostum	Areca catechu	L.	Chinese Pharmacopoeia 2020 Edition (ChP 2020, Volume 1)	plant-derived medicine	Processed herbal piece derived from 槟榔; Medicinal part: dried ripe seed; ChP 2020 Vol.1, Page 55	phytomedicine	苦，辛，温	归胃、大肠经	消食导滞	用于食积不消，泻痢后重
焦六神曲	Jiao Liu Shen Qu	Massa Medicata Fermentata Carbonisata	Triticum aestivum; Glycine max	L.; (L.) Merr.	Zhongyao Da Baike	processed plant-derived medicine	Medicinal part: carbonized fermented product; used for digestion	phytomedicine	甘，辛，温	归脾，胃经	健脾和胃，消食调中	治饮食停滞，胸痞腹胀，呕吐泻痢，产后瘀血腹痛，小儿腹大坚积
焦山楂	Jiao Shan Zha	Crataegi Fructus Carbonisata	Crataegus pinnatifida	Bge.var.major N.E.Br	Chinese Pharmacopoeia 2020 Edition (ChP 2020, Volume 1)	plant-derived medicine	Processed herbal piece derived from 山楂; Multi-basal species; Medicinal part: dried ripe fruit; ChP 2020 Vol.1, Page 40	phytomedicine	甘，酸，微温	归脾、胃、肝经	消食健胃，行气散瘀，驱绦虫	治肉食积滞，癥瘕，痰饮，吞酸，肠风，腰痛，恶露不尽，小儿乳食停滞，胃烷胀满，泻痢腹痛，瘀血经闭，产后瘀阻，心腹刺痛，疝气疼痛，高血脂症。生山楂用于消食散瘀，焦山楂用于止泻止痢
桔梗	Jie Geng	Platycodonis Radix	Platycodon grandiflorus	(Jacq.) A.DC.	Zhongyao Da Baike	plant-derived medicine	Medicinal part: dried root; collected in autumn; peeling optional	phytomedicine	苦、辛，平	归肺经	宣肺，利咽，祛痰，排脓	用于咳嗽痰多，胸闷不畅，咽痛音哑，肺痈吐脓
金沸草	Jin Fei Cao	Inulae Herba	Inula japonica; Inula linariifolia	Thunb.	Zhongyao Da Baike	plant-derived medicine	Medicinal part: dried aerial part.	phytomedicine	苦、辛、咸，温	归肺、大肠经	降气，消痰，行水	用于外感风寒，痰饮蓄结，咳喘痰多，胸膈痞满
金荞麦	Jin Qiao Mai	Fagopyri Dibotryis Rhizoma	Fagopyrum dibotrys	(D. Don) Hara	Chinese Materia Medica (10th Edition)	plant-derived medicine	Medicinal part: dried rhizome.	phytomedicine	微辛、涩，凉	归肺经	清热解毒，排脓祛瘀	用于肺痈吐脓，肺热喘咳，乳蛾肿痛
金银花	Jin Yin Hua	Lonicerae Japonicae Flos	Lonicera japonica	Thunb.	Chinese Pharmacopoeia 2020 Edition (ChP 2020, Volume 1)	plant-derived medicine	Medicinal part: dried flower bud; ChP 2020 Vol.1, Page 220	phytomedicine	甘，寒	归肺、心、胃经	清热解毒，疏散风热	用于痈肿疔疮，喉痹，丹毒，热毒血痢，风热感冒，温病发热
金樱子	Jin Ying Zi	Rosae Laevigatae Fructus	Rosa laevigata	Michx.	Chinese Pharmacopoeia 2020 Edition (Volume I)	plant-derived medicine	Medicinal part: dried ripe fruit.	phytomedicine	酸、甘、涩，平	归肾、膀胱、大肠经	固精缩尿，固崩止带，涩肠止泻	用于遗精滑精，遗尿尿频，崩漏带下，久泻久痢
荆芥	Jing Jie	Schizonepetae Herba	Schizonepeta tenuifolia	(Benth.) Briq.	Chinese Pharmacopoeia 2020 Edition (Volume I)	plant-derived medicine	Source: Zhongyao Da Baike (URL: https://www.zhongyibaike.com/wiki/%E8%8D%86%E8%8A%A5)	phytomedicine	辛，微温	归肺、肝经	解表散风，透疹，消疮	用于感冒，头痛，麻疹，风疹，疮疡初起
荆芥穗	Jing Jie Sui	Schizonepetae Spica	Schizonepeta tenuifolia	(Benth.) Briq.	Chinese Pharmacopoeia 2020 Edition (Volume I)	plant-derived medicine	Source: Zhongyao Da Baike (URL: https://www.zhongyibaike.com/wiki/%E8%8D%86%E8%8A%A5%E7%A9%97)	phytomedicine	辛，温	归肺、肝经	发表祛风，理血；炒炭后可止血	治感冒发热，头痛，咽喉肿痛，中风口噤，吐血，衄血，便血；崩漏，产后血晕；痈肿，疮疥，瘰疬。荆芥穗效用相同，但发散之力较强
九香虫	Jiu Xiang Chong	Aspongopi Corpus	Aspongopus chinensis	Dallas	Chinese Pharmacopoeia 2020 Edition (Volume I)	plant-derived medicine	Source: Zhongyao Da Baike (URL: https://www.zhongyibaike.com/wiki/%E4%B9%9D%E9%A6%99%E8%99%AB)	Animal Medicines	咸，温	归肝、脾、肾经	理气止痛，温中助阳	用于胃寒胀痛，肝胃气痛，肾虚阳痿，腰膝酸痛
韭菜子	Jiu Cai Zi	Allii Tuberosi Semen	Allium tuberosum	Rottler ex Spreng.	Chinese Pharmacopoeia 2020 Edition (Volume I)	plant-derived medicine	Medicinal part: dried ripe seed; Source: Zhongyao Da Baike, URL: https://www.zhongyibaike.com/wiki/%E9%9F%AD%E8%8F%9C%E5%AD%90	phytomedicine	辛、甘，温	归肝、肾经	温补肝肾，壮阳固精	用于肝肾亏虚，腰膝酸痛，阳痿遗精，遗尿尿频，白浊带下
菊花	Ju Hua	Chrysanthemi Flos	Chrysanthemum morifolium	Ramat.	Chinese Pharmacopoeia 2020 Edition (ChP 2020, Volume 1)	plant-derived medicine	Medicinal part: dried capitulum; ChP 2020 Vol.1, Page 310	phytomedicine	甘、苦，微寒	归肺、肝经	散风清热，平肝明目，清热解毒	用于风热感冒，头痛眩晕，目赤肿痛，眼目昏花，疮痈肿毒
橘红	Ju Hong	Citri Reticulatae Exocarpium	Citrus reticulata	Blanco	Chinese Pharmacopoeia 2020 Edition (Volume I)	plant-derived medicine	Medicinal part: dried outer pericarp; Source: Zhongyao Da Baike, URL: https://www.zhongyibaike.com/wiki/%E6%A9%98%E7%BA%A2	phytomedicine	辛，苦，温	归膀胱，小肠，肺，脾，胃，大肠经	散寒燥湿，理气化痰，宽中健胃	主风寒咳嗽，痰多气逆，恶心呕吐，胸脘痞胀
决明子	Jue Ming Zi	Cassiae Semen	Cassia obtusifolia	L.	Chinese Pharmacopoeia 2020 Edition (ChP 2020, Volume 1)	plant-derived medicine	Multi-basal species; Medicinal part: dried ripe seed; ChP 2020 Vol.1, Page 312	phytomedicine	甘、苦、咸，微寒	归肝、大肠经	清热明目，润肠通便	用于目赤涩痛，羞明多泪，头痛眩晕，目暗不明，大便秘结
苦参	Ku Shen	Sophorae Flavescentis Radix	Sophora flavescens	Aiton	Chinese Pharmacopoeia 2020 Edition (Volume I)	plant-derived medicine	Source: Zhongyao Da Baike (URL: https://www.zhongyibaike.com/wiki/%E8%8B%A6%E5%8F%82)	phytomedicine	苦，寒	归心、肝、胃、大肠、膀胱经	清热燥湿，杀虫，利尿	用于热痢，便血，黄疸尿闭，赤白带下，阴肿阴痒，湿疹，湿疮，皮肤瘙痒，疥癣麻风；外治滴虫性阴道炎
苦地丁	Ku Di Ding	Corydalis Bungeanae Herba	Corydalis bungeana	Turcz.	Chinese Pharmacopoeia 2020 Edition (Volume I)	plant-derived medicine	Source: Zhongyao Da Baike (URL: https://www.zhongyibaike.com/wiki/%E8%8B%A6%E5%9C%B0%E4%B8%81)	phytomedicine	苦，寒	归心、肝、大肠经	清热解毒，散结消肿	用于时疫感冒，咽喉肿痛，疔疮肿痛，痈疽发背，痄腮丹毒
苦杏仁	Ku Xing Ren	Armeniacae Semen Amarum	Prunus armeniaca	L. var. ansu Maxim	Chinese Pharmacopoeia 2020 Edition (ChP 2020, Volume 1)	plant-derived medicine	Multi-basal species; Toxic medicinal material; Medicinal part: dried ripe seed; ChP 2020 Vol.1, Page 315	phytomedicine	苦，微温；有小毒	归肺、大肠经	降气止咳平喘，润肠通便	用于咳嗽气喘，胸满痰多，肠燥便秘
款冬花	Kuan Dong Hua	Farfarae Flos	Tussilago farfara	L	Zhongyao Da Baike	processed plant-derived medicine	Medicinal part: honey-processed flower bud; collected in winter	phytomedicine	辛、微苦，温	归肺经	润肺下气，止咳化痰	用于新久咳嗽，喘咳痰多，劳嗽咳血
莱菔子	Lai Fu Zi	Raphani Semen	Raphanus sativus	L.	Chinese Pharmacopoeia 2020 Edition (Volume I)	plant-derived medicine	Source: Zhongyao Da Baike (URL: https://www.zhongyibaike.com/wiki/%E8%8E%B1%E8%8F%94%E5%AD%90)	phytomedicine	辛、甘，平	归肺、脾、胃经	消食除胀，降气化痰	用于饮食停滞，脘腹胀痛，大便秘结，积滞泻痢，痰壅喘咳
连翘	Lian Qiao	Forsythiae Fructus	Forsythia suspensa	(Thunb.) Vahl	Chinese Pharmacopoeia 2020 Edition (ChP 2020, Volume 1)	plant-derived medicine	Medicinal part: dried fruit; ChP 2020 Vol.1, Page 330	phytomedicine	苦，微寒	归肺、心、小肠经	清热解毒，消肿散结，疏散风热	用于痈疽，瘰疬，乳痈，丹毒，风热感冒，温病初起，温热入营，高热烦渴，神昏发斑，热淋涩痛
莲子	Lian Zi	Nelumbinis Semen	Nelumbo nucifera	Gaertn.	Chinese Pharmacopoeia 2020 Edition (Volume I)	plant-derived medicine	Source: Zhongyao Da Baike (URL: https://www.zhongyibaike.com/wiki/%E8%8E%B2%E5%AD%90)	phytomedicine	甘、涩，平	归脾、肾、心经	补脾止泻，止带，益肾涩精，养心安神	用于脾虚泄泻，带下，遗精，心悸失眠
灵芝	Ling Zhi	Ganoderma	Ganoderma lucidum; Ganoderma sinense	(Leyss. ex Fr.) Karst.; Zhao, Xu et Zhang	Chinese Pharmacopoeia 2020 Edition (Volume I)	plant-derived medicine	Source: Zhongyao Da Baike (URL: https://www.zhongyibaike.com/wiki/%E7%81%B5%E8%8A%9D)	phytomedicine	甘，平	归心、肺、肝、肾经	补气安神，止咳平喘	用于心神不宁，失眠心悸，肺虚咳喘，虚劳短气，不思饮食
羚羊角	Ling Yang Jiao	Saigae Tataricae Cornu	Saiga tatarica	Linnaeus	Chinese Pharmacopoeia 2020 Edition (Volume I)	plant-derived medicine	Source: Zhongyao Da Baike (URL: https://www.zhongyibaike.com/wiki/%E7%BE%9A%E7%BE%8A%E8%A7%92)	Animal Medicines	咸，寒	归肝、心经	平肝息风，清肝明目，散血解毒	用于肝风内动，惊痫抽搐，妊娠子痫，高热痉厥，癫痫发狂，头痛眩晕，目赤翳障，温毒发斑，痈肿疮毒
刘寄奴	Liu Ji Nu	Artemisiae Anomalae Herba	Artemisia anomala	S. Moore	Zhongyao Da Baike	plant-derived medicine	Medicinal part: dried aerial part; collected in autumn	phytomedicine	苦，温	归心，脾经	破血通经，敛疮消肿	治经闭癥瘕，胸腹胀痛，产后血瘀，跌打损伤，金疮出血，痈毒焮肿
龙胆	Long Dan	Gentianae Radix et Rhizoma	Gentiana scabra; Gentiana triflora; Gentiana manshurica; Gentiana rigescens	Bunge; Pall.; Kitag.; Franch. ex Hemsl.	Chinese Pharmacopoeia 2020 Edition (Volume I)	plant-derived medicine	Medicinal part: dried root; Source: Zhongyao Da Baike, URL: https://www.zhongyibaike.com/wiki/%E9%BE%99%E8%83%86	phytomedicine	苦，寒	归肝、胆经	清热燥湿，泻肝胆火	用于湿热黄疸，阴肿阴痒，带下，湿疹瘙痒，肝火目赤，耳鸣耳聋，胁痛口苦，强中，惊风抽搐
龙骨	Long Gu	Os Draconis	Fossilized mammal bone	Natural fossil	Zhongyao Da Baike	mineral-derived medicine (fossil)	Medicinal part: fossilized bone; often calcined for processing	Animal Medicines	甘，涩，平	归心，肝，肾，大肠经	镇惊安神，敛汗固精，止血涩肠，生肌敛疮	治惊痫癫狂，怔忡健忘，失眠多梦，自汗盗汗，遗精淋浊，吐衄便血，崩漏带下，泻痢脱肛，溃疡久不收口
龙脷叶	Long Li Ye	Folium Sauropi	Sauropus spatulifolius	Beille	Zhongyibaike (https://zhongyibaike.com/wiki/%E9%BE%99%E8%87%B3%E5%8F%B6)	plant-derived medicine	Medicinal part: dried leaf; Source: Zhongyao Da Baike, URL: https://www.zhongyibaike.com/wiki/%E9%BE%99%E8%84%B7%E5%8F%B6	phytomedicine	甘、淡，平	归肺、胃经	清热化痰，润肺通便	用于肺热咳嗽，咯血，咽痛失音，大便秘结
芦根	Lu Gen	Phragmitis Rhizoma	Phragmites australis	(Cav.) Trin. ex Steud.	Chinese Pharmacopoeia 2020 Edition (Volume I)	plant-derived medicine	Source: Zhongyao Da Baike (URL: https://www.zhongyibaike.com/wiki/%E8%8A%A6%E6%A0%B9)	phytomedicine	甘，寒	归肺、胃经	清热泻火，生津止渴，除烦，止呕，利尿	用于热病烦渴，肺热咳嗽，肺痈吐脓，胃热呕哕，热淋涩痛
鹿角胶	Lu Jiao Jiao	Cornu Cervi Colla	Cervus nippon; Cervus elaphus	Temminck; Linnaeus	Chinese Pharmacopoeia 2020 Edition (Volume I)	plant-derived medicine	Source: Zhongyao Da Baike (URL: https://www.zhongyibaike.com/wiki/%E9%B9%BF%E8%A7%92%E8%83%B6)	Animal Medicines	甘、咸，温	归肾、肝经	温补肝肾，益精养血	用于肝肾不足所致的腰膝酸冷，阳痿遗精，虚劳羸瘦，崩漏下血，便血尿血，阴疽肿痛
麻黄	Ma Huang	Ephedrae Herba	Ephedra sinica	Stapf	Chinese Pharmacopoeia 2020 Edition (ChP 2020, Volume 1)	plant-derived medicine	Multi-basal species; Medicinal part: dried herbaceous stem; ChP 2020 Vol.1, Page 340	phytomedicine	辛、微苦，温	归肺、膀胱经	发汗散寒，宣肺平喘，利水消肿	用于风寒感冒，胸闷喘咳，风水浮肿。蜜麻黄润肺止咳，多用于表证已解，气喘咳嗽
麻黄绒	Ma Huang Rong	Ephedrae Herba	Ephedra sinica; Ephedra equisetina; Ephedra intermedia	Stapf; Bunge; Schrenk et C. A. Mey.	Chinese Pharmacopoeia 2020 Edition (Volume I)	plant-derived medicine	GBIF species ID: 176781172; taxonomic status: N/A	phytomedicine	辛、微苦，温	归肺、膀胱经	发汗散寒，宣肺平喘，利水消肿	用于风寒感冒，胸闷喘咳，风水浮肿。蜜麻黄润肺止咳，多用于表证已解，气喘咳嗽
马勃	Ma Bo	Lasiosphaera seu Calvatia	Lasiosphaera fenzlii; Calvatia gigantea	Reich.; (Batsch ex Pers.) Lloyd	Chinese Pharmacopoeia 2020 Edition (Volume I)	plant-derived medicine	Source: Zhongyao Da Baike (URL: https://www.zhongyibaike.com/wiki/%E9%A9%AC%E5%8B%83)	Animal Medicines	辛，平	归肺经	清肺利咽，止血	用于风热郁肺咽痛，音哑，咳嗽；外治鼻衄，创伤出血
马齿苋	Ma Chi Xian	Portulacae Herba	Portulaca oleracea	L.	Chinese Pharmacopoeia 2020 Edition (Volume I)	plant-derived medicine	Medicinal part: dried aerial part.	phytomedicine	酸，寒	归肝、大肠经	清热解毒，凉血止血，止痢	用于热毒血痢，痈肿疔疮，湿疹，丹毒，蛇虫咬伤，便血，痔血，崩漏下血
麦冬	Mai Dong	Ophiopogonis Radix	Ophiopogon japonicus	(L.f.) Ker-Gawl.	Chinese Pharmacopoeia 2020 Edition (ChP 2020, Volume 1)	plant-derived medicine	Medicinal part: dried tuberous root; ChP 2020 Vol.1, Page 342	phytomedicine	甘、微苦，微寒	归心、肺、胃经	养阴生津，润肺清心	用于肺燥干咳，阴虚痨嗽，喉痹咽痛，津伤口渴，内热消渴，心烦失眠，肠燥便秘
麦芽	Mai Ya	Hordei Fructus Germinatus	Hordeum vulgare	L.	Chinese Pharmacopoeia 2020 Edition (Volume I)	plant-derived medicine	Medicinal part: dried germinated ripe fruit of Hordeum vulgare.	phytomedicine	甘，平	归脾、胃经	行气消食，健脾开胃，回乳消胀	用于食积不消，脘腹胀痛，脾虚食少，乳汁郁积，乳房胀痛，妇女断乳，肝郁胁痛，肝胃气痛。生麦芽健脾和胃，疏肝行气，用于脾虚食少，乳汁郁积。炒麦芽行气消食回乳，用于食积不消，妇女断乳。焦麦芽消食化滞，用于食积不消，脘腹胀痛。
蔓荆子	Man Jing Zi	Viticis Fructus	Vitex trifolia var. simplicifolia; Vitex rotundifolia	L. var. simplicifolia Cham.; L. f.	Chinese Pharmacopoeia 2020 Edition (Volume I)	plant-derived medicine	Source: Zhongyao Da Baike (URL: https://www.zhongyibaike.com/wiki/%E8%94%93%E8%8D%86%E5%AD%90)	phytomedicine	辛、苦，微寒	归膀胱、肝、胃经	疏散风热，清利头目	用于风热感冒头痛，齿龈肿痛，目赤多泪，目暗不明，头晕目眩
芒硝	Mang Xiao	Natrii Sulfas	Mirabilite, a natural sulfate mineral	Natural mineral	Chinese Pharmacopoeia 2020 Edition	mineral medicine	Medicinal material is the refined crystalline product processed from natural mirabilite, with the main chemical component of hydrous sodium sulfate (Na₂SO₄·10H₂O).	Mineral Medicine	咸、苦，寒	归胃、大肠经	泻下通便，润燥软坚，清火消肿	用于实热积滞，腹满胀痛，大便燥结，肠痈肿痛；外治乳痈，痔疮肿痛
没药	Mo Yao	Myrrha	Commiphora myrrha; Commiphora molmol	Engl.; Engl.	Chinese Pharmacopoeia 2020 Edition (Volume I)	plant-derived medicine	Medicinal part: dried resin exuded from Commiphora species.	phytomedicine	辛、苦，平	归心、肝、脾经	散瘀定痛，消肿生肌	用于胸痹心痛，胃脘疼痛，痛经经闭，产后瘀阻，癥瘕腹痛，风湿痹痛，跌打损伤，痈肿疮疡
蜜百部	Mi Bai Bu	Stemonae Radix Praeparata Cum Melle	Stemona japonica	(Blume) Miq.	Chinese Pharmacopoeia 2020 Edition (ChP 2020, Volume 1)	plant-derived medicine	Processed herbal piece derived from 百部; Multi-basal species; Medicinal part: dried tuberous root; ChP 2020 Vol.1, Page 32	phytomedicine	甘，苦，微温	归肺经	温润肺气，止咳，杀虫	治风寒咳嗽，百日咳，肺结核，老年咳喘，蛔虫、蛲虫病，皮肤疥癣、湿疹
蜜款冬花	Mi Kuan Dong Hua	Farfarae Flos Praeparata Cum Melle	Tussilago farfara	L.	Zhongyao Da Baike	processed plant-derived medicine	Medicinal part: honey-processed flower bud; collected in winter	phytomedicine	辛，甘，微温	归肺经	润肺下气，止咳化痰	用于新久咳嗽，喘咳痰多，劳嗽咳血
蜜麻黄	Mi Ma Huang	Ephedrae Herba Praeparata Cum Melle	Ephedra sinica	Stapf	Chinese Pharmacopoeia 2020 Edition (ChP 2020, Volume 1)	plant-derived medicine	Processed herbal piece derived from 麻黄; Multi-basal species; Medicinal part: dried herbaceous stem; ChP 2020 Vol.1, Page 340	phytomedicine	辛、微苦，温	归肺、膀胱经	发汗散寒，宣肺平喘，利水消肿	用于风寒感冒，胸闷喘咳，风水浮肿。蜜麻黄润肺止咳，多用于表证已解，气喘咳嗽
蜜紫菀	Mi Zi Wan	Asteris Radix et Rhizoma Praeparata Cum Melle	Aster tataricus	L.f.	Chinese Pharmacopoeia 2020 Edition (ChP 2020, Volume 1)	plant-derived medicine	Processed herbal piece derived from 紫菀; Medicinal part: dried root and rhizome; ChP 2020 Vol.1, Page 508	phytomedicine	苦，辛，温	归肺经	温肺，下气，消痰，止咳	治风寒咳嗽气喘，虚劳咳吐脓血，喉痹，小便不利
牡丹皮	Mu Dan Pi	Moutan Cortex	Paeonia suffruticosa	Andr.	Chinese Pharmacopoeia 2020 Edition (Volume I)	plant-derived medicine	Source: Zhongyao Da Baike (URL: https://www.zhongyibaike.com/wiki/%E7%89%A1%E4%B8%B9%E7%9A%AE)	phytomedicine	苦、辛，微寒	归心、肝、肾经	清热凉血，活血化瘀	用于热入营血，温毒发斑，吐血衄血，夜热早凉，无汗骨蒸，经闭痛经，跌扑伤痛，痈肿疮毒
牡蛎	Mu Li	Ostreae Concha	Crassostrea gigas; Crassostrea talienwhanensis; Crassostrea ariakensis; Ostrea denselamellosa	Thunberg; Crosse; Fujita; Lischke	Chinese Pharmacopoeia 2020 Edition; POWO; GBIF	animal-derived medicine	Medicinal part is the dried shell of the animal. All four listed species are legally acceptable original animals in Chinese Pharmacopoeia. The synonym Crassostrea rivularis Gould is widely cited in historical medicinal literature for Crassostrea ariakensis.	Animal Medicines	咸，微寒	归肝、胆、肾经	重镇安神，潜阳补阴，软坚散结	用于惊悸失眠，眩晕耳鸣，瘰疬痰核，癥瘕痞块。煅牡蛎收敛固涩，制酸止痛，用于自汗盗汗，遗精滑精，崩漏带下，胃痛吞酸
木蝴蝶	Mu Hu Die	Oroxyli Semen	Oroxylum indicum	(L.) Vent.	Chinese Pharmacopoeia 2020 Edition (Volume I)	plant-derived medicine	Medicinal part: dried mature seed.	phytomedicine	苦、甘，凉	归肺、肝、胃经	清肺利咽，疏肝和胃	用于肺热咳嗽，喉痹，音哑，肝胃气痛
木通	Mu Tong	Akebiae Caulis	Akebia quinata; Akebia trifoliata; Akebia trifoliata var. australis	(Houtt.) Decne.; (Thunb.) Koidz.; (Thunb.) Koidz. var. australis (Diels) Rehd.	Chinese Pharmacopoeia 2020 Edition (Volume I)	plant-derived medicine	Source: Zhongyao Da Baike (URL: https://www.zhongyibaike.com/wiki/%E6%9C%A8%E9%80%9A)	phytomedicine	苦，寒	归心、小肠、膀胱经	利尿通淋，清心除烦，通经下乳	用于淋证，水肿，心烦尿赤，口舌生疮，经闭乳少，湿热痹痛
木香	Mu Xiang	Aucklandiae Radix	Aucklandia lappa	Decne.	Chinese Pharmacopoeia 2020 Edition (Volume I)	plant-derived medicine	Source: Zhongyao Da Baike (URL: https://www.zhongyibaike.com/wiki/%E6%9C%A8%E9%A6%99)	phytomedicine	辛、苦，温	归脾、胃、大肠、三焦、胆经	行气止痛，健脾消食	用于胸胁、脘腹胀痛，泻痢后重，食积不消，不思饮食。煨木香实肠止泻，用于泄泻腹痛
南沙参	Nan Sha Shen	Adenophorae Radix	Adenophora stricta; Adenophora tetraphylla	Miq.; (Thunb.) Fisch.	Chinese Pharmacopoeia 2020 Edition (Volume I)	plant-derived medicine	Medicinal part: dried root; Source: Zhongyao Da Baike, URL: https://www.zhongyibaike.com/wiki/%E5%8D%97%E6%B2%99%E5%8F%82	phytomedicine	甘，微寒	归肺、胃经	养阴清肺，益胃生津，化痰，益气	用于肺热燥咳，阴虚劳嗽，干咳痰黏，胃阴不足，食少呕吐，气阴不足，烦热口干
牛蒡子	Niu Bang Zi	Arctii Fructus	Arctium lappa	L.	Chinese Pharmacopoeia 2020 Edition (Volume I)	plant-derived medicine	Source: Zhongyao Da Baike (URL: https://www.zhongyibaike.com/wiki/%E7%89%9B%E8%92%A1%E5%AD%90)	phytomedicine	辛、苦，寒	归肺、胃经	疏散风热，宣肺透疹，解毒利咽	用于风热感冒，咳嗽痰多，麻疹，风疹，咽喉肿痛，痄腮，丹毒，痈肿疮毒
牛黄	Niu Huang	Bovis Calculus	Bos taurus	domesticus Gmelin	Chinese Pharmacopoeia 2020 Edition (ChP 2020, Volume 1)	animal-derived medicine	Animal-derived medicine; Medicinal part: dried gallstone; ChP 2020 Vol.1, Page 360	Animal Medicines	苦，甘，凉	归心、肝经	清心，豁痰，开窍，凉肝，息风，解毒	用于热病神昏，中风痰迷，惊痫抽搐，癫痫发狂，咽喉肿痛，口舌生疮，痈肿疔疮
牛膝	Niu Xi	Achyranthis Bidentatae Radix	Achyranthes bidentata	Blume	Zhongyao Da Baike	plant-derived medicine	Medicinal part: dried root; collected in winter	phytomedicine	苦、甘、酸，平	归肝、肾经	逐瘀通经，补肝肾，强筋骨，利尿通淋，引血下行	用于经闭，痛经，腰膝酸痛，筋骨无力，淋证，水肿，头痛，眩晕，牙痛，口疮，吐血，衄血
女贞子	Nv Zhen Zi	Ligustri Lucidi Fructus	Ligustrum lucidum	Ait.	Chinese Pharmacopoeia 2020 Edition (Volume I)	plant-derived medicine	Medicinal part: dried ripe fruit.	phytomedicine	甘、苦，凉	归肝、肾经	滋补肝肾，明目乌发	用于肝肾阴虚，眩晕耳鸣，腰膝酸软，须发早白，目暗不明，内热消渴，骨蒸潮热
炮姜	Pao Jiang	Zingiberis Rhizoma Praeparatum	Zingiber officinale	Rosc.	Chinese Pharmacopoeia 2020 Edition (Volume I)	plant-derived medicine	Medicinal part: processed dried rhizome of Zingiber officinale.	phytomedicine	辛、热	归脾，胃，肾，心，肺经	温中散寒，温经止血	用于脾胃虚寒，腹痛吐泻，吐衄崩漏，阳虚失血
佩兰	Pei Lan	Eupatorii Herba	Eupatorium fortunei	Turcz.	Chinese Pharmacopoeia 2020 Edition (Volume I)	plant-derived medicine	Source: Zhongyao Da Baike (URL: https://www.zhongyibaike.com/wiki/%E4%BD%A9%E5%85%B0)	phytomedicine	辛，平	归脾、胃、肺经	芳香化湿，醒脾开胃，发表解暑	用于湿浊中阻，脘痞呕恶，口中甜腻，口臭，多涎，暑湿表证，湿温初起，发热倦怠，胸闷不舒
枇杷叶	Pi Pa Ye	Eriobotryae Folium	Eriobotrya japonica	(Thunb.) Lindl.	Chinese Pharmacopoeia 2020 Edition (Volume I)	plant-derived medicine	Medicinal part: dried leaf; Source: Zhongyao Da Baike, URL: https://www.zhongyibaike.com/wiki/%E6%9E%87%E6%9D%B7%E5%8F%B6	phytomedicine	苦，微寒	归肺、胃经	清肺止咳，降逆止呕	用于肺热咳嗽，气逆喘急，胃热呕逆，烦热口渴
蒲公英	Pu Gong Ying	Taraxaci Herba	Taraxacum mongolicum	Hand.-Mazz.	Chinese Pharmacopoeia 2020 Edition (ChP 2020, Volume 1)	plant-derived medicine	Multi-basal species; Medicinal part: dried whole herb; ChP 2020 Vol.1, Page 370	phytomedicine	苦、甘，寒	归肝、胃经	清热解毒，消肿散结，利尿通淋	用于疔疮肿毒，乳痈，瘰疬，目赤，咽痛，肺痈，肠痈，湿热黄疸，热淋涩痛
蒲黄	Pu Huang	Typhae Pollen	Typha angustifolia; Typha latifolia; Typha orientalis	L.; L.; Presl	Chinese Pharmacopoeia 2020 Edition (Volume I)	plant-derived medicine	Source: Zhongyao Da Baike (URL: https://www.zhongyibaike.com/wiki/%E8%92%B2%E9%BB%84)	phytomedicine	甘，平	归肝、心包经	止血，化瘀，通淋	用于吐血，衄血，咯血，崩漏，外伤出血，经闭痛经，胸腹刺痛，跌扑肿痛，血淋涩痛
蒲黄炭	Pu Huang Tan	Typhae Pollen Carbonisata	Typha angustifolia; Typha latifolia; Typha orientalis	L.; L.; Presl	Chinese Pharmacopoeia 2020 Edition (Volume I)	plant-derived medicine	Source: Zhongyao Da Baike (URL: https://www.zhongyibaike.com/wiki/%E8%92%B2%E9%BB%84%E7%82%AD)	phytomedicine	甘，平	归肝、心包经	凉血止血，活血消瘀	生用治经闭腹痛，产后瘀阻作痛，跌扑血闷，疮疖肿毒；炒黑止吐血，衄血，崩漏，泻血，尿血，血痢，带下；外用治重舌，口疮，聤耳流脓，耳中出血，阴下湿痒
前胡	Qian Hu	Peucedani Radix	Peucedanum praeruptorum; Peucedanum decursivum	Dunn; (Miq.) Maxim.	Chinese Pharmacopoeia 2020 Edition (Volume I)	plant-derived medicine	Medicinal part: dried root; Source: Zhongyao Da Baike, URL: https://www.zhongyibaike.com/wiki/%E5%89%8D%E8%83%A1	phytomedicine	苦、辛，微寒	归肺经	降气化痰，散风清热	用于痰热喘满，咯痰黄稠，风热咳嗽痰多
芡实	Qian Shi	Euryales Semen	Euryale ferox	Salisb.	Chinese Pharmacopoeia 2020 Edition (Volume I)	plant-derived medicine	Medicinal part: dried kernel of the ripe seed.	phytomedicine	甘、涩，平	归脾、肾经	益肾固精，补脾止泻，除湿止带	用于遗精滑精，遗尿尿频，脾虚久泻，白浊，带下
羌活	Qiang Huo	Notopterygii Rhizoma et Radix	Notopterygium incisum; Notopterygium forbesii	Ting ex H. T. Chang; Boiss.	Chinese Pharmacopoeia 2020 Edition (Volume I)	plant-derived medicine	Source: Zhongyao Da Baike (URL: https://www.zhongyibaike.com/wiki/%E7%BE%8C%E6%B4%BB)	phytomedicine	辛、苦，温	归膀胱、肾经	解表散寒，祛风除湿，止痛	用于风寒感冒，头痛项强，风湿痹痛，肩背酸痛
秦艽	Qin Jiao	Gentianae Macrophyllae Radix	Gentiana macrophylla; Gentiana straminea; Gentiana crassicaulis; Gentiana dahurica	Pall.; Maxim.; Duthie ex Burk.; Fisch.	Chinese Pharmacopoeia 2020 Edition (Volume I)	plant-derived medicine	Medicinal part: dried root; Source: Zhongyao Da Baike, URL: https://www.zhongyibaike.com/wiki/%E7%A7%A6%E8%89%BD	phytomedicine	辛、苦，平	归胃、肝、胆经	祛风湿，清湿热，止痹痛，退虚热	用于风湿痹痛，中风半身不遂，筋脉拘挛，骨节酸痛，湿热黄疸，骨蒸潮热，小儿疳积发热
青黛	Qing Dai	Indigo Naturalis	Baphicacanthus cusia; Polygonum tinctorium; Isatis indigotica	(Nees) Bremek.; Ait.; Fortune	Chinese Pharmacopoeia 2020 Edition (Volume I)	plant-derived medicine	Source: Zhongyao Da Baike (URL: https://www.zhongyibaike.com/wiki/%E9%9D%92%E9%BB%9B)	phytomedicine	咸，寒	归肝经	清热解毒，凉血消斑，泻火定惊	用于温毒发斑，血热吐衄，胸痛咳血，口疮，痄腮，喉痹，小儿惊痫
青蒿	Qing Hao	Artemisiae Annuae Herba	Artemisia annua	L.	Chinese Pharmacopoeia 2020 Edition (Volume I)	plant-derived medicine	Medicinal part: dried aerial part.	phytomedicine	苦，微辛，寒	归肝、胆经	清热，解暑，除蒸，截疟	治温病，暑热，骨蒸劳热，疟疾，痢疾，黄疸，疥疮，瘙痒
青皮	Qing Pi	Citri Reticulatae Pericarpium Viride	Citrus reticulata	Blanco	Chinese Pharmacopoeia 2020 Edition (Volume I)	plant-derived medicine	Medicinal part: dried pericarp of young or immature fruits of Citrus reticulata.	phytomedicine	苦、辛，温	归肝、胆、胃经	疏肝破气，消积化滞	用于胸胁胀痛，疝气疼痛，乳癖，乳痈，食积气滞，脘腹胀痛
全蝎	Quan Xie	Scorpio	Buthus martensii	Karsch	Zhongyao Da Baike	animal-derived medicine	Toxic; medicinal part: dried body; collected in spring/autumn	Animal Medicines	辛，平；有毒	归肝经	息风镇痉，通络止痛，攻毒散结	用于肝风内动，痉挛抽搐，小儿惊风，中风口㖞，半身不遂，破伤风，风湿顽痹，偏正头痛，疮疡，瘰疬
拳参	Quan Shen	Bistortae Rhizoma	Bistorta officinalis	Delarbre	Chinese Pharmacopoeia 2020 Edition (Volume I)	plant-derived medicine	Medicinal part: dried rhizome.	phytomedicine	苦、涩，微寒	归肺、肝、大肠经	清热解毒，消肿，止血	用于赤痢热泻，肺热咳嗽，痈肿瘰疬，口舌生疮，血热吐衄，痔疮出血，蛇虫咬伤
人参	Ren Shen	Ginseng Radix et Rhizoma	Panax ginseng	C. A. Mey	Chinese Pharmacopoeia 2020 Edition (ChP 2020, Volume 1)	plant-derived medicine	Medicinal part: dried root and rhizome; ChP 2020 Vol.1, Page 18	phytomedicine	甘、微苦，微温	归脾、肺、心、肾经	大补元气，复脉固脱，补脾益肺，生津养血，安神益智	用于体虚欲脱，肢冷脉微，脾虚食少，肺虚喘咳，津伤口渴，内热消渴，气血亏虚，久病虚羸，惊悸失眠，阳痿宫冷
忍冬藤	Ren Dong Teng	Lonicerae Japonicae Caulis	Lonicera japonica	Thunb.	Chinese Pharmacopoeia 2020 Edition (ChP 2020, Volume 1)	plant-derived medicine	Processed herbal piece derived from 金银花; Medicinal part: dried flower bud; ChP 2020 Vol.1, Page 220	phytomedicine	甘，寒	归肺、胃经	清热解毒，疏风通络	用于温病发热，热毒血痢，痈肿疮疡，风湿热痹，关节红肿热痛
肉苁蓉	Rou Cong Rong	Cistanches Herba	Cistanche deserticola; Cistanche tubulosa	Ma; (Schenk) Wight	Chinese Pharmacopoeia 2020 Edition (Volume I)	plant-derived medicine	Source: Zhongyao Da Baike (URL: https://www.zhongyibaike.com/wiki/%E8%82%89%E8%8B%81%E8%93%89)	phytomedicine	甘、咸，温	归肾、大肠经	补肾阳，益精血，润肠通便	用于肾阳不足，精血亏虚，阳痿不孕，腰膝酸软，筋骨无力，肠燥便秘
肉豆蔻	Rou Dou Kou	Myristicae Semen	Myristica fragrans	Houtt.	Chinese Pharmacopoeia 2020 Edition (Volume I)	plant-derived medicine	Source: Zhongyao Da Baike (URL: https://www.zhongyibaike.com/wiki/%E8%82%89%E8%B1%86%E8%94%BB)	phytomedicine	辛，温	归脾、胃、大肠经	温中行气，涩肠止泻	用于脾胃虚寒，久泻不止，脘腹胀痛，食少呕吐
肉桂	Rou Gui	Cinnamomi Cortex	Cinnamomum cassia	Presl	Chinese Pharmacopoeia 2020 Edition (Volume I)	plant-derived medicine	Source: Zhongyao Da Baike (URL: https://www.zhongyibaike.com/wiki/%E8%82%89%E6%A1%82)	phytomedicine	辛、甘，大热	归肾、脾、心、肝经	补火助阳，引火归元，散寒止痛，温通经脉	用于阳痿宫冷，腰膝冷痛，肾虚作喘，虚阳上浮，眩晕目赤，心腹冷痛，虚寒吐泻，寒疝腹痛，痛经经闭
乳香	Ru Xiang	Olibanum	Boswellia carterii; Boswellia bhaw-dajiana	Birdw.; Birdw.	Chinese Pharmacopoeia 2020 Edition (Volume I)	plant-derived medicine	Source: Zhongyao Da Baike (URL: https://www.zhongyibaike.com/wiki/%E4%B9%B3%E9%A6%99)	phytomedicine	辛、苦，温	归心、肝、脾经	活血定痛，消肿生肌	用于胸痹心痛，胃脘疼痛，痛经经闭，产后瘀阻，癥瘕腹痛，风湿痹痛，筋脉拘挛，跌打损伤，痈肿疮疡
三棱	San Leng	Sparganii Rhizoma	Sparganium stoloniferum	Buch.-Ham.	Chinese Pharmacopoeia 2020 Edition (Volume I)	plant-derived medicine	Source: Zhongyao Da Baike (URL: https://www.zhongyibaike.com/wiki/%E4%B8%89%E6%A3%B1)	phytomedicine	辛、苦，平	归肝、脾经	破血行气，消积止痛	用于癥瘕痞块，痛经，瘀血经闭，胸痹心痛，食积胀痛
桑白皮	Sang Bai Pi	Mori Cortex	Morus alba	L.	Chinese Pharmacopoeia 2020 Edition (Volume I)	plant-derived medicine	Source: Zhongyao Da Baike (URL: https://www.zhongyibaike.com/wiki/%E6%A1%91%E7%99%BD%E7%9A%AE)	phytomedicine	甘，寒	归肺经	泻肺平喘，利水消肿	用于肺热喘咳，水肿胀满尿少，面目肌肤浮肿
桑寄生	Sang Ji Sheng	Taxilli Herba	Taxillus chinensis	(DC.) Danser	Chinese Pharmacopoeia 2020 Edition (Volume I)	plant-derived medicine	Source: Zhongyao Da Baike (URL: https://www.zhongyibaike.com/wiki/%E6%A1%91%E5%AF%84%E7%94%9F)	phytomedicine	苦、甘，平	归肝、肾经	祛风湿，补肝肾，强筋骨，安胎元	用于风湿痹痛，腰膝酸软，筋骨无力，崩漏经多，妊娠漏血，胎动不安，头晕目眩
桑叶	Sang Ye	Mori Folium	Morus alba	L.	Chinese Pharmacopoeia 2020 Edition (Volume I)	plant-derived medicine	Source: Zhongyao Da Baike (URL: https://www.zhongyibaike.com/wiki/%E6%A1%91%E5%8F%B6)	phytomedicine	甘、苦，寒	归肺、肝经	疏散风热，清肺润燥，清肝明目	用于风热感冒，肺热燥咳，头晕头痛，目赤昏花
沙参	Sha Shen	Adenophorae Radix	Adenophora stricta; Adenophora tetraphylla	Miq.; (Thunb.) Fisch.	Chinese Pharmacopoeia 2020 Edition (Volume I)	plant-derived medicine	Medicinal part: dried root; Source: Zhongyao Da Baike, URL: https://www.zhongyibaike.com/wiki/%E6%B2%99%E5%8F%82	phytomedicine	甘，微寒	归肺、胃经	养阴清肺，祛痰止咳	治肺热燥咳，虚痨久咳，阴伤咽干喉痛
砂仁	Sha Ren	Amomi Fructus	Amomum villosum	Lour	Zhongyao Da Baike	plant-derived medicine	Medicinal part: dried ripe fruit; summer collection	phytomedicine	辛，温	归脾、胃、肾经	化湿开胃，温脾止泻，理气安胎	用于湿浊中阻，脘痞不饥，脾胃虚寒，呕吐泄泻，妊娠恶阻，胎动不安
山豆根	Shan Dou Gen	Sophorae Tonkinensis Radix et Rhizoma	Sophora tonkinensis	Gagnep.	Zhongyao Da Baike	plant-derived medicine	Medicinal part: root/rhizome; spring/autumn collection	phytomedicine	苦，寒；有毒	归肺、胃经	清热解毒，消肿利咽	用于火毒蕴结，乳蛾喉痹，咽喉肿痛，齿龈肿痛，口舌生疮
山药	Shan Yao	Dioscoreae Rhizoma	Dioscorea polystachya	Turcz.	Chinese Pharmacopoeia 2020 Edition (ChP 2020, Volume 1)	plant-derived medicine	Medicinal part: dried rhizome; ChP 2020 Vol.1, Page 38	phytomedicine	甘，平	归脾、肺、肾经	补脾养胃，生津益肺，补肾涩精	用于脾虚食少，久泻不止，肺虚喘咳，肾虚遗精，带下，尿频，虚热消渴。麸炒山药补脾健胃，用于脾虚食少，泄泻便溏，白带过多
山楂	Shan Zha	Crataegi Fructus	Crataegus pinnatifida	Bge.var.major N.E.Br	Chinese Pharmacopoeia 2020 Edition (ChP 2020, Volume 1)	plant-derived medicine	Multi-basal species; Medicinal part: dried ripe fruit; ChP 2020 Vol.1, Page 40	phytomedicine	酸、甘，微温	归脾、胃、肝经	消食健胃，行气散瘀，化浊降脂	用于肉食积滞，胃脘胀满，泻痢腹痛，瘀血经闭，产后瘀阻，心腹刺痛，胸痹心痛，疝气疼痛，高脂血症。焦山楂消食导滞作用增强，用于肉食积滞，泻痢不爽
山茱萸	Shan Zhu Yu	Corni Fructus	Cornus officinalis	Sieb. et Zucc	Chinese Pharmacopoeia 2020 Edition (ChP 2020, Volume 1)	plant-derived medicine	Medicinal part: dried ripe sarcocarp; ChP 2020 Vol.1, Page 42	phytomedicine	酸、涩，微温	归肝、肾经	补益肝肾，收涩固脱	用于眩晕耳鸣，腰膝酸痛，阳痿遗精，遗尿尿频，崩漏带下，大汗虚脱，内热消渴
商陆	Shang Lu	Phytolaccae Radix	Phytolacca acinosa	Roxb	Zhongyao Da Baike	plant-derived medicine (toxic)	Toxic; medicinal part: dried root; autumn/winter collection	phytomedicine	苦，寒；有毒	归肺、脾、肾、大肠经	逐水消肿，通利二便；外用解毒散结	用于水肿胀满，二便不通；外治痈肿疮毒
蛇床子	She Chuang Zi	Cnidii Fructus	Cnidium monnieri	(L.) Cuss.	Zhongyao Da Baike	plant-derived medicine	Medicinal part: dried fruit; autumn collection	phytomedicine	辛、苦，温；有小毒	归肾经	燥湿祛风，杀虫止痒，温肾壮阳	用于阴痒带下，湿疹瘙痒，湿痹腰痛，肾虚阳痿，宫冷不孕
射干	She Gan	Belamcandae Rhizoma	Iris domestica	(L.) Goldblatt & Mabb.	Chinese Pharmacopoeia 2020 Edition; POWO; WFO	plant-derived medicine	Medicinal part: dried rhizome; Belamcanda chinensis (L.) Redouté is a synonym of Iris domestica.	phytomedicine	苦，寒	归肺经	清热解毒，消痰，利咽	用于热毒痰火郁结，咽喉肿痛，痰涎壅盛，咳嗽气喘
神曲	Shen Qu	Massa Medicata Fermentata	Triticum aestivum; Glycine max	L.; (L.) Merr.	Zhongyao Da Baike	processed plant-derived medicine	Medicinal material: fermented medicinal product; not carbonized unless specifically prepared as Jiao Shen Qu.	phytomedicine	甘，辛，温	归脾、胃经	健脾和胃，消食调中	治饮食停滞，胸痞腹胀，呕吐泻痢，产后瘀血腹痛，小儿腹大坚积
升麻	Sheng Ma	Cimicifugae Rhizoma	Cimicifuga foetida; Cimicifuga dahurica; Cimicifuga heracleifolia	L.; (Turcz.) Maxim.; Kom.	Chinese Pharmacopoeia 2020 Edition (Volume I)	plant-derived medicine	Source: Zhongyao Da Baike (URL: https://www.zhongyibaike.com/wiki/%E5%8D%87%E9%BA%BB)	phytomedicine	辛、微甘，微寒	归肺、脾、胃、大肠经	发表透疹，清热解毒，升举阳气	用于风热头痛，齿痛，口疮，咽喉肿痛，麻疹不透，阳毒发斑，脱肛，子宫脱垂
生地黄	Sheng Di Huang	Rehmanniae Radix	Rehmannia glutinosa	(Gaertn.) DC.	Chinese Pharmacopoeia 2020 Edition (ChP 2020, Volume 1)	plant-derived medicine	Processed herbal piece derived from 地黄; Medicinal part: tuberous root; raw material for Shudihuang; ChP 2020 Vol.1, Page 109	phytomedicine	甘，苦，微寒	归心，肝，肾经	滋阴清热，凉血补血	主热病烦渴，内热消渴，骨蒸劳热，温病发斑，血热所致的吐血，崩漏，尿血，便血，血虚萎黄，眩晕心悸，血少经闭
生姜	Sheng Jiang	Zingiberis Rhizoma Recens	Zingiber officinale	Rosc.	Chinese Pharmacopoeia 2020 Edition (Volume I)	plant-derived medicine	Source: Zhongyao Da Baike (URL: https://www.zhongyibaike.com/wiki/%E7%94%9F%E5%A7%9C)	phytomedicine	辛，微温	归肺、脾、胃经	解表散寒，温中止呕，化痰止咳，解鱼蟹毒	用于风寒感冒，胃寒呕吐，寒痰咳嗽，鱼蟹中毒
生晒参	Sheng Shai Shen	Ginseng Radix et Rhizoma	Panax ginseng	C.A.Mey.	Chinese Pharmacopoeia 2020 Edition (ChP 2020, Volume 1)	plant-derived medicine	Processed herbal piece derived from 人参; Medicinal part: dried root and rhizome; ChP 2020 Vol.1, Page 18	phytomedicine	甘，微苦，温	归脾、肺经	大补元气，固脱生津，安神	治劳伤虚损，食少，倦怠，反胃吐食，大便滑泄，虚咳喘促，自汗暴脱，惊悸，健忘，眩晕头痛，阳痿，尿频，消渴，妇女崩漏，小儿慢惊，及久虚不复，一切气血津液不足之证
石膏	Shi Gao	Gypsum Fibrosum	Gypsum, a natural sulfate mineral	Not applicable (mineral)	Chinese Pharmacopoeia 2020 Edition (ChP 2020, Volume 1)	mineral medicine	Mineral-derived medicine; Main component: CaSO₄·2H₂O; ChP 2020 Vol.1, Page 402	Mineral Medicine	甘、辛，大寒	归肺、胃经	清热泻火，除烦止渴	用于外感热病，高热烦渴，肺热喘咳，胃火亢盛，头痛，牙痛
石斛	Shi Hu	Dendrobii Caulis	Dendrobium nobile; Dendrobium chrysotoxum; Dendrobium fimbriatum var. oculatum	Lindl.; Lindl.; Hook. var. oculatum Hook.	Chinese Pharmacopoeia 2020 Edition (Volume I)	plant-derived medicine	Source: Zhongyao Da Baike (URL: https://www.zhongyibaike.com/wiki/%E7%9F%B3%E6%96%9B)	phytomedicine	甘，微寒	归胃、肾经	益胃生津，滋阴清热	用于热病津伤，口干烦渴，胃阴不足，食少干呕，病后虚热不退，阴虚火旺，骨蒸劳热，目暗不明，筋骨痿软
石菖蒲	Shi Chang Pu	Acori Tatarinowii Rhizoma	Acorus tatarinowii	Schott	Chinese Pharmacopoeia 2020 Edition (Volume I)	plant-derived medicine	Medicinal part: dried rhizome.	phytomedicine	辛、苦，温	归心、胃经	开窍豁痰，醒神益智，化湿开胃	用于神昏癫痫，健忘失眠，耳鸣耳聋，脘痞不饥，噤口下痢
熟地黄	Shu Di Huang	Rehmanniae Radix Praeparata	Rehmannia glutinosa	(Gaertn.) DC.	Chinese Pharmacopoeia 2020 Edition (ChP 2020, Volume 1)	plant-derived medicine	Processed herbal piece derived from 地黄; Medicinal part: tuberous root; raw material for Shudihuang; ChP 2020 Vol.1, Page 109	phytomedicine	甘，微温	归肝、肾经	补血滋阴，益精填髓	用于血虚萎黄，心悸怔忡，月经不调，崩漏下血，肝肾阴虚，腰膝酸软，骨蒸潮热，盗汗遗精，内热消渴，眩晕，耳鸣，须发早白
水牛角	Shui Niu Jiao	Bubali Cornu	Bubalus bubalis	Linnaeus	Chinese Pharmacopoeia 2020 Edition (Volume I)	plant-derived medicine	Source: Zhongyao Da Baike (URL: https://www.zhongyibaike.com/wiki/%E6%B0%B4%E7%89%9B%E8%A7%92)	Animal Medicines	苦，寒	归心、肝经	清热凉血，解毒，定惊	用于温病高热，神昏谵语，发斑发疹，吐血衄血，惊风，癫狂
丝瓜络	Si Gua Luo	Retinervus Luffae Fructus	Luffa cylindrica	(L.) Roem.	Chinese Pharmacopoeia 2020 Edition (Volume I)	plant-derived medicine	Medicinal part: dried ripe fruit; Source: Zhongyao Da Baike, URL: https://www.zhongyibaike.com/wiki/%E4%B8%9D%E7%93%9C%E7%BB%9C	phytomedicine	甘，平	归肺、胃、肝经	祛风，通络，活血，下乳	用于痹痛拘挛，胸胁胀痛，乳汁不通，乳痈肿痛
松花粉	Song Hua Fen	Pini Pollen	Pinus massoniana; Pinus tabuliformis	Lamb.; Carr.	Chinese Pharmacopoeia 2020 Edition (Volume I)	plant-derived medicine	Source: Zhongyao Da Baike (URL: https://www.zhongyibaike.com/wiki/%E6%9D%BE%E8%8A%B1%E7%B2%89)	phytomedicine	甘，温	归肝、脾经	收敛止血，燥湿敛疮	用于外伤出血，湿疹，黄水疮，皮肤糜烂，脓水淋漓
苏木	Su Mu	Sappan Lignum	Caesalpinia sappan	L.	Chinese Pharmacopoeia 2020 Edition (Volume I)	plant-derived medicine	Medicinal part: dried leaf; Source: Zhongyao Da Baike, URL: https://www.zhongyibaike.com/wiki/%E8%8B%8F%E6%9C%A8	phytomedicine	甘、咸，平	归心、肝、脾经	活血祛瘀，消肿止痛	用于跌打损伤，骨折筋伤，瘀滞肿痛，经闭痛经，产后瘀阻，胸腹刺痛，痈疽肿痛
苏叶	Su Ye	Perillae Folium	Perilla frutescens	(L.) Britt.	Chinese Pharmacopoeia 2020 Edition (ChP 2020, Volume 1)	plant-derived medicine	Processed herbal piece derived from 紫苏叶; Medicinal part: dried leaf; ChP 2020 Vol.1, Page 506	phytomedicine	辛，温	归肺，脾经	解表散寒，行气和胃	主治感冒风寒，恶寒发热，咳嗽，气喘，胸腹胀满，胎动不安，解鱼蟹毒
酸枣仁	Suan Zao Ren	Ziziphi Spinosae Semen	Ziziphus jujuba	Mill. var. spinosa	Chinese Pharmacopoeia 2020 Edition (ChP 2020, Volume 1)	plant-derived medicine	Medicinal part: dried ripe seed; ChP 2020 Vol.1, Page 410	phytomedicine	甘、酸，平	归肝、胆、心经	养心补肝，宁心安神，敛汗，生津	用于虚烦不眠，惊悸多梦，体虚多汗，津伤口渴
太子参	Tai Zi Shen	Pseudostellariae Radix	Pseudostellaria heterophylla	(Miq.) Pax ex Pax et Hoffm.	Chinese Pharmacopoeia 2020 Edition (Volume I)	plant-derived medicine	Source: Zhongyao Da Baike (URL: https://www.zhongyibaike.com/wiki/%E5%A4%AA%E5%AD%90%E5%8F%82)	phytomedicine	甘、微苦，平	归脾、肺经	益气健脾，生津润肺	用于脾虚体倦，食欲不振，病后虚弱，气阴不足，自汗口渴，肺燥干咳
檀香	Tan Xiang	Santali Albi Lignum	Santalum album	L.	Chinese Pharmacopoeia 2020 Edition (Volume I)	plant-derived medicine	Source: Zhongyao Da Baike (URL: https://www.zhongyibaike.com/wiki/%E6%AA%80%E9%A6%99)	phytomedicine	辛，温	归脾、胃、心、肺经	行气温中，开胃止痛	用于寒凝气滞，胸膈不舒，胸痹心痛，脘腹疼痛，呕吐食少
桃仁	Tao Ren	Persicae Semen	Prunus persica; Prunus davidiana	(L.) Batsch; (Carrière) Franch.	Chinese Pharmacopoeia 2020 Edition (ChP 2020, Volume 1)	plant-derived medicine	Medicinal part is the dried ripe seed. Both listed species are legally acceptable original plants in Chinese Pharmacopoeia.	phytomedicine	苦、甘，平	归心、肝、大肠经	活血祛瘀，润肠通便，止咳平喘	用于经闭痛经，癥瘕痞块，肺痈肠痈，跌扑损伤，肠燥便秘，咳嗽气喘
天冬	Tian Dong	Asparagi Radix	Asparagus cochinchinensis	(Lour.) Merr.	Chinese Pharmacopoeia 2020 Edition (Volume I)	plant-derived medicine	Source: Zhongyao Da Baike (URL: https://www.zhongyibaike.com/wiki/%E5%A4%A9%E5%86%AC)	phytomedicine	甘、苦，寒	归肺、肾经	养阴润燥，清肺生津	用于肺燥干咳，顿咳痰黏，腰膝酸痛，骨蒸潮热，内热消渴，热病津伤，咽干口渴，肠燥便秘
天花粉	Tian Hua Fen	Trichosanthis Radix	Trichosanthes kirilowii; Trichosanthes rosthornii	Maxim.; Harms	Chinese Pharmacopoeia 2020 Edition (Volume I)	plant-derived medicine	Medicinal part: dried root; Source: Zhongyao Da Baike, URL: https://www.zhongyibaike.com/wiki/%E5%A4%A9%E8%8A%B1%E7%B2%89	phytomedicine	甘、微苦，微寒	归肺、胃经	清热泻火，生津止渴，消肿排脓	用于热病烦渴，肺热燥咳，内热消渴，疮疡肿毒
天麻	Tian Ma	Gastrodiae Rhizoma	Gastrodia elata	Bl.	Chinese Pharmacopoeia 2020 Edition (ChP 2020, Volume 1)	plant-derived medicine	Medicinal part: dried rhizome; ChP 2020 Vol.1, Page 422	phytomedicine	甘，平	归肝经	息风止痉，平肝阳；祛风通络	主急慢惊风，抽搐拘挛，眩晕，头痛，半身不遂，肢麻，风湿痹痛
天名精	Tian Ming Jing	Carpesii Herba	Carpesium abrotanoides	L.	Zhongyibaike (https://zhongyibaike.com/wiki/%E5%A4%A9%E5%90%8D%E7%B2%BE)	plant-derived medicine	Source: Zhongyao Da Baike (URL: https://www.zhongyibaike.com/wiki/%E5%A4%A9%E5%90%8D%E7%B2%BE)	phytomedicine	辛，寒	归肝，肺经	祛痰，清热，破血，止血，解毒，杀虫	治乳蛾，喉痹，疟疾，急性肝炎，急慢惊风，虫积，血瘕，衄血，血淋，疔肿疮毒，皮肤痒疹
天南星	Tian Nan Xing	Arisaematis Rhizoma	Arisaema heterophyllum	Blume	Chinese Pharmacopoeia 2020 Edition (ChP 2020, Volume 1)	plant-derived medicine	Multi-basal species; Toxic medicinal material; Medicinal part: dried tuber; ChP 2020 Vol.1, Page 424	phytomedicine	苦、辛，温；有毒	归肺、肝、脾经	散结消肿	外用治痈肿，蛇虫咬伤
天竺黄	Tian Zhu Huang	Bambusae Concretio Silicea	Bambusa textilis; Schizostachyum chinense	McClure; Rendle	Chinese Pharmacopoeia 2020 Edition (Volume I)	plant-derived medicine	Source: Zhongyao Da Baike (URL: https://www.zhongyibaike.com/wiki/%E5%A4%A9%E7%AB%BA%E9%BB%84)	phytomedicine	甘，寒	归心、肝经	清热豁痰，凉心定惊	用于热病神昏，中风痰迷，小儿痰热惊痫、抽搐、夜啼
葶苈子	Ting Li Zi	Descurainiae Semen Lepidii Semen	Descurainia sophia; Lepidium apetalum	(L.) Webb. ex Prantl; Willd.	Chinese Pharmacopoeia 2020 Edition (Volume I)	plant-derived medicine	Source: Zhongyao Da Baike (URL: https://www.zhongyibaike.com/wiki/%E8%91%B6%E8%8B%88%E5%AD%90)	phytomedicine	辛、苦，大寒	归肺、膀胱经	泻肺平喘，行水消肿	用于痰涎壅肺，喘咳痰多，胸胁胀满，不得平卧，胸腹水肿，小便不利
通草	Tong Cao	Tetrapanacis Medulla	Tetrapanax papyrifer	(Hook.) K. Koch	Chinese Pharmacopoeia 2020 Edition (Volume I)	plant-derived medicine	Source: Zhongyao Da Baike (URL: https://www.zhongyibaike.com/wiki/%E9%80%9A%E8%8D%89)	phytomedicine	甘、淡，微寒	归肺、胃经	清热利尿，通气下乳	用于湿热淋证，水肿尿少，乳汁不下
土鳖虫	Tu Bie Chong	Eupolyphaga seu Steleophaga	Eupolyphaga sinensis; Steleophaga plancyi	Walker; (Boleny)	Chinese Pharmacopoeia 2020 Edition (Volume I)	animal-derived medicine	Medicinal part: dried dried body; Source: Zhongyao Da Baike, URL: https://www.zhongyibaike.com/wiki/%E5%9C%9F%E9%B3%96%E8%99%AB	Animal Medicines	咸，寒，有小毒	归肝经	破瘀血，续筋骨	用于筋骨折伤，瘀血经闭，癥瘕痞块
土茯苓	Tu Fu Ling	Smilacis Glabrae Rhizoma	Smilax glabra	Roxb	Chinese Pharmacopoeia 2020 Edition (ChP 2020, Volume 1)	plant-derived medicine	Medicinal part: dried rhizome; ChP 2020 Vol.1, Page 430	phytomedicine	甘、淡，平	归肝、胃经	解毒，除湿，通利关节	用于梅毒及汞中毒所致的肢体拘挛，筋骨疼痛；湿热淋浊，带下，痈肿，瘰疬，疥癣
菟丝子	Tu Si Zi	Cuscutae Semen	Cuscuta chinensis	Lam	Chinese Pharmacopoeia 2020 Edition (ChP 2020, Volume 1)	plant-derived medicine	Multi-basal species; Medicinal part: dried ripe seed; ChP 2020 Vol.1, Page 432	phytomedicine	辛、甘，平	归肝、肾、脾经	补益肝肾，固精缩尿，安胎，明目，止泻；外用消风祛斑	用于肝肾不足，腰膝酸软，阳痿遗精，遗尿尿频，肾虚胎漏，胎动不安，目昏耳鸣，脾肾虚泻；外治白癜风
瓦楞子	Wa Leng Zi	Arcae Concha	Arca subcrenata; Arca granosa; Arca inflata	Lischke; Linnaeus; Reeve	Chinese Pharmacopoeia 2020 Edition (Volume I)	animal-derived medicine	Medicinal part: dried shell; Source: Zhongyao Da Baike, URL: https://www.zhongyibaike.com/wiki/%E7%93%A6%E6%A5%9E%E5%AD%90	Animal Medicines	咸，平	归肺、胃、肝经	消痰化瘀，软坚散结，制酸止痛	用于顽痰胶结，黏稠难咯，瘿瘤，瘰疬，癥瘕痞块，胃痛泛酸
王不留行	Wang Bu Liu Xing	Vaccariae Semen	Vaccaria segetalis	(Neck.) Garcke	Chinese Pharmacopoeia 2020 Edition (Volume I)	plant-derived medicine	Medicinal part: dried ripe seed.	phytomedicine	苦，平	归肝、胃经	活血通经，下乳消肿，利尿通淋	用于经闭，痛经，乳汁不下，乳痈肿痛，淋证涩痛
威灵仙	Wei Ling Xian	Clematidis Radix et Rhizoma	Clematis chinensis; Clematis hexapetala; Clematis manshurica	Osbeck; Pall.; Rupr.	Chinese Pharmacopoeia 2020 Edition (Volume I)	plant-derived medicine	Source: Zhongyao Da Baike (URL: https://www.zhongyibaike.com/wiki/%E5%A8%81%E7%81%B5%E4%BB%99)	phytomedicine	辛、咸，温	归膀胱经	祛风湿，通经络	用于风湿痹痛，肢体麻木，筋脉拘挛，屈伸不利
乌梅	Wu Mei	Mume Fructus	Prunus mume	(Sieb.) Sieb. et Zucc.	Chinese Pharmacopoeia 2020 Edition (Volume I)	plant-derived medicine	Source: Zhongyao Da Baike (URL: https://www.zhongyibaike.com/wiki/%E4%B9%8C%E6%A2%85)	phytomedicine	酸、涩，平	归肝、脾、肺、大肠经	敛肺，涩肠，生津，安蛔	用于肺虚久咳，久泻久痢，虚热消渴，蛔厥呕吐腹痛
乌梢蛇	Wu Shao She	Zaocys	Zaocys dhumnades	(Cantor)	Zhongyao Da Baike	animal-derived medicine	Medicinal part: dried body; collected in spring/autumn	Animal Medicines	甘，平	归肝经	祛风，通络，止痉	用于风湿顽痹，麻木拘挛，中风口眼㖞斜，半身不遂，抽搐痉挛，破伤风，麻风，疥癣
乌药	Wu Yao	Linderae Radix	Lindera aggregata	(Sims) Kosterm.	Chinese Pharmacopoeia 2020 Edition (Volume I)	plant-derived medicine	Source: Zhongyao Da Baike (URL: https://www.zhongyibaike.com/wiki/%E4%B9%8C%E8%8D%AF)	phytomedicine	辛，温	归肺、脾、肾、膀胱经	行气止痛，温肾散寒	用于寒凝气滞，胸腹胀痛，气逆喘急，膀胱虚冷，遗尿尿频，疝气疼痛，经寒腹痛
吴茱萸	Wu Zhu Yu	Euodiae Fructus	Evodia rutaecarpa; Evodia rutaecarpa var. officinalis; Evodia rutaecarpa var. bodinieri	(Juss.) Benth.; (Juss.) Benth. var. officinalis (Dode) Huang; (Juss.) Benth. var. bodinieri (Dode) Huang	Chinese Pharmacopoeia 2020 Edition (Volume I)	plant-derived medicine	Source: Zhongyao Da Baike (URL: https://www.zhongyibaike.com/wiki/%E5%90%B4%E8%8C%B1%E8%90%B8)	phytomedicine	辛、苦，热；有小毒	归肝、脾、胃、肾经	散寒止痛，降逆止呕，助阳止泻	用于厥阴头痛，寒疝腹痛，寒湿脚气，经行腹痛，脘腹胀痛，呕吐吞酸，五更泄泻
五味子	Wu Wei Zi	Schisandrae Chinensis Fructus	Schisandra chinensis	(Turcz.) Baill.	Chinese Pharmacopoeia 2020 Edition (ChP 2020, Volume 1)	plant-derived medicine	Medicinal part: dried ripe fruit; ChP 2020 Vol.1, Page 450	phytomedicine	酸、甘，温	归肺、心、肾经	收敛固涩，益气生津，补肾宁心	用于久嗽虚喘，梦遗滑精，遗尿尿频，久泻不止，自汗盗汗，津伤口渴，内热消渴，心悸失眠
西青果	Xi Qing Guo	Chebulae Fructus Immaturus	Terminalia chebula var. tomentella	Retz. var. tomentella Kurt.	Chinese Pharmacopoeia 2020 Edition (Volume I)	plant-derived medicine	Source: Zhongyao Da Baike (URL: https://www.zhongyibaike.com/wiki/%E8%A5%BF%E9%9D%92%E6%9E%9C)	phytomedicine	苦，微甘，涩，微寒	归肺，胃经	清热生津，利咽解毒	主虚证白喉，扁桃体炎，菌痢，痢疾，肠炎
稀莶草	Xi Xian Cao	Siegesbeckiae Herba	Siegesbeckia orientalis; Siegesbeckia pubescens; Siegesbeckia glabrescens	L.; Makino; Makino	Chinese Pharmacopoeia 2020 Edition (Volume I)	plant-derived medicine	Medicinal part: dried aerial part; Source: Zhongyao Da Baike, URL: https://www.zhongyibaike.com/wiki/%E7%A8%80%E8%8E%B6%E8%8D%89	phytomedicine	辛，苦，寒	归肝、肾经	祛风湿，利筋骨，降血压	治四肢麻痹，筋骨疼痛，腰膝无力，疟疾，急性肝炎，高血压病，疔疮肿毒，外伤出血
细辛	Xi Xin	Asari Radix et Rhizoma	Asarum heterotropoides	Fr. Schmidt	Chinese Pharmacopoeia 2020 Edition (ChP 2020, Volume 1)	plant-derived medicine	Multi-basal species; Toxic medicinal material; Medicinal part: dried root and rhizome; ChP 2020 Vol.1, Page 454	phytomedicine	辛，温	归心、肺、肾经	解表散寒，祛风止痛，通窍，温肺化饮	用于风寒感冒，头痛，牙痛，鼻塞流涕，鼻鼽，鼻渊，风湿痹痛，痰饮喘咳
夏枯草	Xia Ku Cao	Prunellae Spica	Prunella vulgaris	L	Chinese Pharmacopoeia 2020 Edition (ChP 2020, Volume 1)	plant-derived medicine	Medicinal part: dried fruit spike; ChP 2020 Vol.1, Page 456	phytomedicine	辛、苦，寒	归肝、胆经	清肝泻火，明目，散结消肿	用于目赤肿痛，目珠夜痛，头痛眩晕，瘰疬，瘿瘤，乳痈，乳癖，乳房胀痛
仙鹤草	Xian He Cao	Agrimoniae Herba	Agrimonia pilosa	Ledeb.	Chinese Pharmacopoeia 2020 Edition (Volume I)	plant-derived medicine	Medicinal part: dried aerial part.	phytomedicine	苦、涩，平	归心、肝经	收敛止血，截疟，止痢，解毒，补虚	用于咯血，吐血，崩漏下血，疟疾，血痢，痈肿疮毒，阴痒带下，脱力劳伤
仙茅	Xian Mao	Curculiginis Rhizoma	Curculigo orchioides	Gaertn.	Chinese Pharmacopoeia 2020 Edition (Volume I)	plant-derived medicine	Medicinal part: dried rhizome.	phytomedicine	辛，热；有毒	归肾、肝、脾经	补肾阳，强筋骨，祛寒湿	用于阳痿精冷，筋骨痿软，腰膝冷痛，阳虚冷泻
香附	Xiang Fu	Cyperi Rhizoma	Cyperus rotundus	L	Chinese Pharmacopoeia 2020 Edition (ChP 2020, Volume 1)	plant-derived medicine	Medicinal part: dried rhizome; ChP 2020 Vol.1, Page 458	phytomedicine	辛、微苦、微甘，平	归肝、脾、三焦经	疏肝解郁，理气宽中，调经止痛	用于肝郁气滞，胸胁胀痛，疝气疼痛，乳房胀痛，脾胃气滞，脘腹痞闷，胀满疼痛，月经不调，经闭痛经
香薷	Xiang Ru	Moslae Herba	Elsholtzia ciliata	(Thunb.) Hyland.	Chinese Pharmacopoeia 2020 Edition (Volume I)	plant-derived medicine	Source: Zhongyao Da Baike (URL: https://www.zhongyibaike.com/wiki/%E9%A6%99%E8%96%B7)	phytomedicine	辛，微温	归肺、胃经	发汗解表，化湿和中	用于暑湿感冒，恶寒发热，头痛无汗，腹痛吐泻，水肿，小便不利
小茴香	Xiao Hui Xiang	Foeniculi Fructus	Foeniculum vulgare	Mill	Chinese Pharmacopoeia 2020 Edition (ChP 2020, Volume 1)	plant-derived medicine	Medicinal part: dried ripe fruit; ChP 2020 Vol.1, Page 460	phytomedicine	辛，温	归肝、肾、脾、胃经	散寒止痛，理气和胃	用于寒疝腹痛，睾丸偏坠，痛经，少腹冷痛，脘腹胀痛，食少吐泻。盐小茴香暖肾散寒止痛，用于寒疝腹痛，睾丸偏坠，经寒腹痛
薤白	Xie Bai	Allii Macrostemonis Bulbus	Allium macrostemon; Allium chinense	Bunge; G. Don	Chinese Pharmacopoeia 2020 Edition (Volume I)	plant-derived medicine	Medicinal part: dried root; Source: Zhongyao Da Baike, URL: https://www.zhongyibaike.com/wiki/%E8%96%A4%E7%99%BD	phytomedicine	辛、苦，温	归心、肺、胃、大肠经	通阳散结，行气导滞	用于胸痹心痛，脘腹痞满胀痛，泻痢后重
辛夷	Xin Yi	Magnoliae Flos	Magnolia biondii	Pamp.	Chinese Pharmacopoeia 2020 Edition (ChP 2020, Volume 1)	plant-derived medicine	Multi-basal species; Medicinal part: dried flower bud; ChP 2020 Vol.1, Page 462	phytomedicine	辛，温	归肺、胃经	散风寒，通鼻窍	用于风寒头痛，鼻塞流涕，鼻鼽，鼻渊
杏仁	Xing Ren	Armeniacae Semen Amarum	Prunus armeniaca var. ansu; Prunus sibirica	L. var. ansu Maxim.; L.	Chinese Pharmacopoeia 2020 Edition (Volume I)	plant-derived medicine	Medicinal part: dried ripe seed.	phytomedicine	苦，微温，有小毒	归肺，大肠经	降气，祛痰止咳，平喘，润肠	治外感咳嗽，喘满，喉痹，肠燥便秘
雄黄	Xiong Huang	Realgar	Realgar mineral	Natural mineral	Zhongyao Da Baike	mineral medicine	Toxic; used externally for detoxification; avoid oral administration in large doses	Mineral Medicine	辛，温；有毒	归肝、大肠经	解毒杀虫，燥湿祛痰，截疟	用于痈肿疔疮，蛇虫咬伤，虫积腹痛，惊痫，疟疾
徐长卿	Xu Zhang Qing	Cynanchi Paniculati Radix et Rhizoma	Cynanchum paniculatum	(Bunge) Kitagawa	Chinese Pharmacopoeia 2020 Edition (ChP 2020, Volume 1)	plant-derived medicine	Medicinal part: dried root and rhizome; ChP 2020 Vol.1, Page 464	phytomedicine	辛，温	归肝、胃经	祛风，化湿，止痛，止痒	用于风湿痹痛，胃痛胀满，牙痛，腰痛，跌扑伤痛，风疹、湿疹
玄参	Xuan Shen	Scrophulariae Radix	Scrophularia ningpoensis	Hemsl.	Chinese Pharmacopoeia 2020 Edition (ChP 2020, Volume 1)	plant-derived medicine	Medicinal part: dried root; ChP 2020 Vol.1, Page 466	phytomedicine	甘、苦、咸，微寒	归肺、胃、肾经	清热凉血，滋阴降火，解毒散结	用于热入营血，温毒发斑，热病伤阴，舌绛烦渴，津伤便秘，骨蒸劳嗽，目赤，咽痛，白喉，瘰疬，痈肿疮毒
旋覆花	Xuan Fu Hua	Inulae Flos	Inula japonica; Inula britannica	Thunb.; L.	Chinese Pharmacopoeia 2020 Edition (Volume I)	plant-derived medicine	Source: Zhongyao Da Baike (URL: https://www.zhongyibaike.com/wiki/%E6%97%8B%E8%A6%86%E8%8A%B1)	phytomedicine	苦，辛，咸，微温	归肺，胃，大肠经	消痰，下气，软坚，行水	治胸中痰结，胁下胀满，咳喘，呃逆，唾如胶漆，心下痞鞕，噫气不除，大腹水肿
雪莲花	Xue Lian Hua	Saussureae Involucratae Herba	Saussurea involucrata	(Kar. et Kir.) Sch.-Bip.	Chinese Pharmacopoeia 2020 Edition (Volume I)	plant-derived medicine	Source: Zhongyao Da Baike (URL: https://www.zhongyibaike.com/wiki/%E9%9B%AA%E8%8E%B2%E8%8A%B1)	phytomedicine	甘，苦，温	归肝，脾，肾经	除寒，补肾壮阳，调经，止血	治阳萎，腰膝软弱，妇女崩带，月经不调，风湿性关节炎，外伤出血
血竭	Xue Jie	Draconis Sanguis	Dracaena cochinchinensis	(Lour.) S. C. Chen	Chinese Pharmacopoeia 2020 Edition (Volume I)	plant-derived medicine	Source: Zhongyao Da Baike (URL: https://www.zhongyibaike.com/wiki/%E8%A1%80%E7%AB%AD)	phytomedicine	甘、咸，平	归心、肝经	活血定痛，化瘀止血，生肌敛疮	用于跌打损伤，心腹瘀痛，外伤出血，疮疡不敛
鸭跖草	Ya Zhi Cao	Commelinae Herba	Commelina communis	L.	Chinese Pharmacopoeia 2020 Edition (Volume I)	plant-derived medicine	Medicinal part: dried aerial part; Source: Zhongyao Da Baike, URL: https://www.zhongyibaike.com/wiki/%E9%B8%AD%E8%B7%96%E8%8D%89	phytomedicine	甘、淡，寒	归肺、胃、小肠经	清热泻火，解毒，利水消肿	用于感冒发热，热病烦渴，咽喉肿痛，水肿尿少，热淋涩痛，痈肿疔毒
延胡索	Yan Hu Suo	Corydalis Rhizoma	Corydalis yanhusuo	W. T. Wang ex Z. Y. Su et C. Y. Wu	Chinese Pharmacopoeia 2020 Edition (Volume I)	plant-derived medicine	Source: Zhongyao Da Baike (URL: https://www.zhongyibaike.com/wiki/%E5%BB%B6%E8%83%A1%E7%B4%A2)	phytomedicine	辛，苦，温	归肝，胃，心，肺，脾经	活血，散瘀，理气，止痛	治心腹腰膝诸痛，月经不调，癥瘕，崩中，产后血晕，恶露不尽，跌打损伤
岩白菜	Yan Bai Cai	Bergeniae Rhizoma	Bergenia purpurascens; Bergenia crassifolia	(Hook. f. et Thoms.) Engl.; (L.) Fritsch	Zhongyibaike (https://zhongyibaike.com/wiki/%E5%B2%A9%E7%99%BD%E8%8F%9C)	plant-derived medicine	Source: Zhongyao Da Baike (URL: https://www.zhongyibaike.com/wiki/%E5%B2%A9%E7%99%BD%E8%8F%9C)	phytomedicine	苦、涩，平	归肺、肝、脾经	收敛止泻，止血止咳，舒筋活络	用于腹泻，痢疾，食欲不振，内外伤出血，肺结核咳嗽，气管炎咳嗽，风湿疼痛，跌打损伤
淫羊藿	Yin Yang Huo	Epimedii Folium	Epimedium brevicornum	Maxim	Chinese Pharmacopoeia 2020 Edition (ChP 2020, Volume 1)	plant-derived medicine	Multi-basal species; Medicinal part: dried leaf; ChP 2020 Vol.1, Page 476	phytomedicine	辛、甘，温	归肝、肾经	补肾壮阳，祛风除湿	治阳痿不举，小便淋沥，筋骨挛急，半身不遂，腰膝无力，风湿痹痛，四肢不仁
洋金花	Yang Jin Hua	Daturae Flos	Datura metel	L.	Chinese Pharmacopoeia 2020 Edition (Volume I)	plant-derived medicine	Source: Zhongyao Da Baike (URL: https://www.zhongyibaike.com/wiki/%E6%B4%8B%E9%87%91%E8%8A%B1)	phytomedicine	辛，温；有毒	归肺、肝经	平喘止咳，解痉定痛	用于哮喘咳嗽，脘腹冷痛，风湿痹痛，小儿慢惊；外科麻醉
野菊花	Ye Ju Hua	Chrysanthemi Indici Flos	Chrysanthemum indicum	L.	Chinese Pharmacopoeia 2020 Edition (Volume I)	plant-derived medicine	Medicinal part: dried capitulum (flower head).	phytomedicine	苦、辛，微寒	归肝、心经	清热解毒，泻火平肝	用于疔疮痈肿，目赤肿痛，头痛眩晕
一枝蒿	Yi Zhi Hao	Artemisiae Rupestris Herba	Phoebe neuranthoides	S.K.Lee & F.N.Wei	Chinese Pharmacopoeia 2020 Edition (ChP 2020, Volume 1)	plant-derived medicine	GBIF species ID: 176777672; taxonomic status: N/A	phytomedicine	苦、辛，温，有大毒	归肝经	消炎止痛，祛风除湿	用于跌打损伤，风湿骨痛，牙痛；外用治骨折，扭伤，疮疡肿毒
薏苡仁	Yi Yi Ren	Coicis Semen	Coix lacryma-jobi var. ma-yuen	(Roman.) Stapf	Chinese Pharmacopoeia 2020 Edition (ChP 2020, Volume 1)	plant-derived medicine	Medicinal part: dried ripe seed; ChP 2020 Vol.1, Page 472	phytomedicine	甘、淡，凉	归脾、胃、肺经	利水渗湿，健脾止泻，除痹，排脓，解毒散结	用于水肿，脚气，小便不利，脾虚泄泻，湿痹拘挛，肺痈，肠痈，赘疣，癌肿
益母草	Yi Mu Cao	Leonuri Herba	Leonurus japonicus	Houtt	Chinese Pharmacopoeia 2020 Edition (ChP 2020, Volume 1)	plant-derived medicine	Medicinal part: dried aerial part; ChP 2020 Vol.1, Page 470	phytomedicine	苦、辛，微寒	归肝、心包、膀胱经	活血调经，利尿消肿，清热解毒	用于月经不调，痛经经闭，恶露不尽，水肿尿少，疮疡肿毒
益智仁	Yi Zhi Ren	Alpiniae Oxyphyllae Fructus	Alpinia oxyphylla	Miq.	Chinese Pharmacopoeia 2020 Edition (Volume I)	plant-derived medicine	Source: Zhongyao Da Baike (URL: https://www.zhongyibaike.com/wiki/%E7%9B%8A%E6%99%BA%E4%BB%81)	phytomedicine	辛，温	归脾，肾经	温脾止泻，暖肾，固气，涩精缩尿	治冷气腹痛，中寒吐泻，多唾，遗精，小便余沥，夜多小便
茵陈	Yin Chen	Artemisiae Scopariae Herba	Artemisia scoparia	Waldst. et Kit	Chinese Pharmacopoeia 2020 Edition (ChP 2020, Volume 1)	plant-derived medicine	Multi-basal species; Medicinal part: dried seedling or aerial part; ChP 2020 Vol.1, Page 474	phytomedicine	苦、辛，微寒	归脾、胃、肝、胆经	清利湿热，利胆退黄	用于黄疸尿少，湿温暑湿，湿疮瘙痒
淫羊藿	Yin Yang Huo	Epimedii Folium	Epimedium brevicornum	Maxim	Chinese Pharmacopoeia 2020 Edition (ChP 2020, Volume 1)	plant-derived medicine	Multi-basal species; Medicinal part: dried leaf; ChP 2020 Vol.1, Page 476	phytomedicine	辛、甘，温	归肝、肾经	补肾阳，强筋骨，祛风湿	用于肾阳虚衰，阳痿遗精，筋骨痿软，风湿痹痛，麻木拘挛
银柴胡	Yin Chai Hu	Stellariae Radix	Stellaria dichotoma var. lanceolata	L. var. lanceolata Bge.	Chinese Pharmacopoeia 2020 Edition (Volume I)	plant-derived medicine	Source: Zhongyao Da Baike (URL: https://www.zhongyibaike.com/wiki/%E9%93%B6%E6%9F%B4%E8%83%A1)	phytomedicine	甘，微寒	归肝、胃经	清虚热，除疳热	用于阴虚发热，骨蒸劳热，小儿疳热
银杏叶	Yin Xing Ye	Ginkgo Folium	Ginkgo biloba	L.	Chinese Pharmacopoeia 2020 Edition (Volume I)	plant-derived medicine	Medicinal part: dried leaf; Source: Zhongyao Da Baike, URL: https://www.zhongyibaike.com/wiki/%E9%93%B6%E6%9D%8F%E5%8F%B6	phytomedicine	甘、苦、涩，平	归心，肺经	益心敛肺，化湿止泻	治胸闷心痛，心悸怔忡，痰喘咳嗽，泻痢，白带
罂粟壳	Ying Su Ke	Papaveris Pericarpium	Papaver somniferum	L.	Chinese Pharmacopoeia 2020 Edition (Volume I)	plant-derived medicine	Medicinal part: dried pericarp of the ripe fruit.	phytomedicine	酸、涩，平；有毒	归肺、大肠、肾经	敛肺，涩肠，止痛	用于久咳，久泻，脱肛，脘腹疼痛
鱼腥草	Yu Xing Cao	Houttuyniae Herba	Houttuynia cordata	Thunb.	Chinese Pharmacopoeia 2020 Edition (ChP 2020, Volume 1)	plant-derived medicine	Medicinal part: fresh or dried aerial part; ChP 2020 Vol.1, Page 480	phytomedicine	辛，微寒	归肺经	清热解毒，消痈排脓，利尿通淋	用于肺痈吐脓，痰热喘咳，热痢，热淋，痈肿疮毒
玉竹	Yu Zhu	Polygonati Odorati Rhizoma	Polygonatum odoratum	(Mill.) Druce	Chinese Pharmacopoeia 2020 Edition (ChP 2020, Volume 1)	plant-derived medicine	Medicinal part: dried rhizome; ChP 2020 Vol.1, Page 482	phytomedicine	甘，微寒	归肺、胃经	养阴润燥，生津止渴	用于肺胃阴伤，燥热咳嗽，咽干口渴，内热消渴
郁金	Yu Jin	Curcumae Radix	Curcuma longa	L.	Chinese Pharmacopoeia 2020 Edition (ChP 2020, Volume 1)	plant-derived medicine	Multi-basal species; Medicinal part: dried tuberous root; ChP 2020 Vol.1, Page 484	phytomedicine	辛、苦，寒	归肝、心、肺经	活血止痛，行气解郁，清心凉血，利胆退黄	用于胸胁刺痛，胸痹心痛，经闭痛经，乳房胀痛，热病神昏，癫痫发狂，血热吐衄，黄疸尿赤
郁李仁	Yu Li Ren	Pruni Semen	Prunus humilis; Prunus japonica; Prunus glandulosa	Bunge; Thunb.; Thunb.	Chinese Pharmacopoeia 2020 Edition (Volume I)	plant-derived medicine	Medicinal part: dried ripe seed.	phytomedicine	辛、苦、甘，平	归脾、大肠、小肠经	润肠通便，下气利水	用于津枯肠燥，食积气滞，腹胀便秘，水肿，脚气，小便不利
远志	Yuan Zhi	Polygalae Radix	Polygala tenuifolia	Willd.	Chinese Pharmacopoeia 2020 Edition (ChP 2020, Volume 1)	plant-derived medicine	Multi-basal species; Medicinal part: dried root; ChP 2020 Vol.1, Page 486	phytomedicine	苦、辛，温	归心、肾、肺经	安神益智，交通心肾，祛痰，消肿	用于心肾不交引起的失眠多梦、健忘惊悸、神志恍惚，咳痰不爽，疮疡肿毒，乳房肿痛
月季花	Yue Ji Hua	Rosae Chinensis Flos	Rosa chinensis	Jacq.	Chinese Pharmacopoeia 2020 Edition (Volume I)	plant-derived medicine	Source: Zhongyao Da Baike (URL: https://www.zhongyibaike.com/wiki/%E6%9C%88%E5%AD%A3%E8%8A%B1)	phytomedicine	甘，温	归肝经	活血调经，疏肝解郁	用于气滞血瘀，月经不调，痛经，闭经，胸胁胀痛
皂角刺	Zao Jiao Ci	Gleditsiae Spina	Gleditsia sinensis	Lam.	Chinese Pharmacopoeia 2020 Edition (Volume I)	plant-derived medicine	Source: Zhongyao Da Baike (URL: https://www.zhongyibaike.com/wiki/%E7%9A%82%E8%A7%92%E5%88%BA)	phytomedicine	辛，温	归肝、胃经	消肿托毒，排脓，杀虫	用于痈疽初起或脓成不溃；外治疥癣麻风
泽兰	Ze Lan	Lycopi Herba	Lycopus lucidus var. hirtus	Turcz. var. hirtus Regel	Chinese Pharmacopoeia 2020 Edition (Volume I)	plant-derived medicine	Medicinal part: dried aerial part.	phytomedicine	苦、辛，微温	归肝、脾经	活血调经，祛瘀消痈，利水消肿	用于月经不调，经闭，痛经，产后瘀血腹痛，疮痈肿毒，水肿腹水
泽泻	Ze Xie	Alismatis Rhizoma	Alisma plantago-aquatica subsp. Orientale	(Sam.) Sam.	Chinese Pharmacopoeia 2020 Edition (ChP 2020, Volume 1)	plant-derived medicine	Medicinal part: dried tuber; ChP 2020 Vol.1, Page 490	phytomedicine	甘、淡，寒	归肾、膀胱经	利水渗湿，泄热，化浊降脂	用于小便不利，水肿胀满，泄泻尿少，痰饮眩晕，热淋涩痛，高脂血症
浙贝母	Zhe Bei Mu	Fritillariae Thunbergii Bulbus	Fritillaria thunbergii	Miq.	Chinese Pharmacopoeia 2020 Edition (ChP 2020, Volume 1)	plant-derived medicine	Medicinal part: dried bulb; ChP 2020 Vol.1, Page 492	phytomedicine	苦，寒	归肺、心经	清热化痰止咳，解毒散结消痈	用于风热咳嗽，痰火咳嗽，肺痈，乳痈，瘰疬，疮毒
珍珠	Zhen Zhu	Margarita	Pinctada martensii; Pinctada maxima; Hyriopsis cumingii	(Dunker); (Jameson et Garth); (Lea)	Chinese Pharmacopoeia 2020 Edition (Volume I)	plant-derived medicine	Source: Zhongyao Da Baike (URL: https://www.zhongyibaike.com/wiki/%E7%8F%8D%E7%8F%A0)	Animal Medicines	甘、咸，寒	归心、肝经	安神定惊，明目消翳，解毒生肌，润肤祛斑	用于惊悸失眠，惊风癫痫，目赤翳障，疮疡不敛，皮肤色斑
知母	Zhi Mu	Anemarrhenae Rhizoma	Anemarrhena asphodeloides	Bge.	Chinese Pharmacopoeia 2020 Edition (ChP 2020, Volume 1)	plant-derived medicine	Medicinal part: dried rhizome; ChP 2020 Vol.1, Page 494	phytomedicine	苦、甘，寒	归肺、胃、肾经	清热泻火，滋阴润燥	用于外感热病，高热烦渴，肺热燥咳，骨蒸潮热，内热消渴，肠燥便秘
枳壳	Zhi Ke	Aurantii Fructus	Citrus aurantium	L	Chinese Pharmacopoeia 2020 Edition (ChP 2020, Volume 1)	plant-derived medicine	Medicinal part: dried unripe fruit; ChP 2020 Vol.1, Page 498	phytomedicine	苦、辛、酸，微寒	归脾、胃经	理气宽中，行滞消胀	用于胸胁气滞，胀满疼痛，食积不化，痰饮内停，脏器下垂
枳实	Zhi Shi	Aurantii Fructus Immaturus	Citrus aurantium	L	Chinese Pharmacopoeia 2020 Edition (ChP 2020, Volume 1)	plant-derived medicine	Multi-basal species; Medicinal part: dried young fruit; ChP 2020 Vol.1, Page 500	phytomedicine	苦、辛、酸，微寒	归脾、胃经	破气消积，化痰散痞	用于积滞内停，痞满胀痛，泻痢后重，大便不通，痰滞气阻，胸痹，结胸，脏器下垂
制半夏	Zhi Ban Xia	Pinelliae Rhizoma Praeparatum	Pinellia ternata	(Thunb.) Breit.	Chinese Pharmacopoeia 2020 Edition (ChP 2020, Volume 1)	plant-derived medicine	Processed herbal piece derived from 半夏; Toxic medicinal material; Medicinal part: dried tuber; ChP 2020 Vol.1, Page 42	phytomedicine	辛，温，有毒	归脾，胃，肺经	燥湿化痰，降逆止呕，消痞散结	用于痰多咳喘、痰饮眩悸、内痰眩晕、呕吐反胃、胸脘痞闷、梅核气症；生用外治痈肿痰核，姜半夏多用于降逆止呕
制陈皮	Zhi Chen Pi	Citri Reticulatae Pericarpium	Citrus reticulata	Blanco	Zhongyao Da Baike	plant-derived medicine	Medicinal part: dried pericarp; stored for ≥3 years; collected in autumn	phytomedicine	苦、辛，温	归肺、脾经	理气健脾，燥湿化痰	用于脘腹胀满，食少吐泻，咳嗽痰多
制南星	Zhi Nan Xing	Arisaematis Rhizoma Praeparatum	Arisaema heterophyllum	Blume	Chinese Pharmacopoeia 2020 Edition (ChP 2020, Volume 1)	plant-derived medicine	Processed herbal piece derived from 天南星; Multi-basal species; Toxic medicinal material; Medicinal part: dried tuber; ChP 2020 Vol.1, Page 424	phytomedicine	苦，辛，温，有毒	归肺经、肝经、脾经	燥湿化痰，祛风止痉，散结消肿	用于顽痰咳嗽，风痰眩晕，中风痰壅，口眼歪斜，半身不遂，癫痫，惊风，破伤风，生用外治痈肿，蛇虫咬伤
炙百部	Zhi Bai Bu	Stemonae Radix Praeparata cum Melle	Stemona sessilifolia; Stemona japonica; Stemona tuberosa	(Miq.) Miq.; (Blume) Miq.; Lour.	Chinese Pharmacopoeia 2020 Edition (ChP 2020, Volume 1)	plant-derived medicine (processed product)	Processed herbal piece derived from 百部; Multi-basal species; Medicinal part: dried tuberous root; ChP 2020 Vol.1, Page 32	phytomedicine	甘，苦，微温	归肺经	温润肺气，止咳，杀虫	治风寒咳嗽，百日咳，肺结核，老年咳喘，蛔虫、蛲虫病，皮肤疥癣、湿疹
炙甘草	Zhi Gan Cao	Glycyrrhizae Radix et Rhizoma Praeparata cum Melle	Glycyrrhiza uralensis	Fisch	Chinese Pharmacopoeia 2020 Edition (ChP 2020, Volume 1)	plant-derived medicine	Processed herbal piece derived from 甘草; Multi-basal species; Medicinal part: dried root and rhizome; ChP 2020 Vol.1, Page 100	phytomedicine	甘，平	入脾经、胃经、肺经	和中缓急，润肺，解毒，调和诸药	炙用，治脾胃虚弱，食少，腹痛便溏，劳倦发热，肺痿咳嗽，心悸，惊痫；生用，治咽喉肿痛，消化性溃疡，痈疽疮疡，解药毒及食物中毒
炙麻黄	Zhi Ma Huang	Ephedrae Herba Praeparata cum Melle	Ephedra sinica	Stapf	Chinese Pharmacopoeia 2020 Edition (ChP 2020, Volume 1)	plant-derived medicine	Processed herbal piece derived from 麻黄; Multi-basal species; Medicinal part: dried herbaceous stem; ChP 2020 Vol.1, Page 340	phytomedicine	辛、微苦，温	归肺经、膀胱经	发汗，平喘，利水	治伤寒表实，发热恶寒无汗、头痛鼻塞、骨节疼痛；咳嗽气喘；风水浮肿，小便不利；风邪顽痹，皮肤不仁，风疹瘙痒
钟乳石	Zhong Ru Shi	Stalactitum	Calcite aggregate	Not applicable (mineral)	Chinese Pharmacopoeia 2020 Edition (Volume I)	mineral-derived medicine	Mineral-derived medicinal material; no botanical authority is applicable.	Mineral Medicine	甘，温	归肺、肾、胃经	温肺，助阳，平喘，制酸，通乳	用于寒痰咳喘，阳虚冷喘，腰膝冷痛，胃痛泛酸，乳汁不通
重楼	Zhong Lou	Paridis Rhizoma	Paris polyphylla var. chinensis; Paris polyphylla var. yunnanensis	Smith var. chinensis (Franch.) Hara; Smith var. yunnanensis (Franch.) Hand.-Mazz.	Chinese Pharmacopoeia 2020 Edition (Volume I)	plant-derived medicine	Source: Zhongyao Da Baike (URL: https://www.zhongyibaike.com/wiki/%E9%87%8D%E6%A5%BC)	phytomedicine	苦，寒，有小毒	归肝经	清热解毒，平喘止咳，熄风定惊	治痈肿，疔疮，瘰疬，喉痹，慢性气管炎，小儿惊风抽搐，蛇虫咬伤
朱砂	Zhu Sha	Cinnabaris	Not applicable (mineral)	Not applicable (mineral)	Chinese Pharmacopoeia 2020 Edition (ChP 2020, Volume 1)	mineral medicine	Toxic mineral medicine; Main component: HgS; ChP 2020 Vol.1, Page 502	Mineral Medicine	甘，微寒；有毒	归心经	清心镇惊，安神，明目，解毒	用于心悸易惊，失眠多梦，癫痫发狂，小儿惊风，视物昏花，口疮，喉痹，疮疡肿毒
竹茹	Zhu Ru	Bambusae Caulis in Taeniam	Bambusa textilis; Phyllostachys nigra var. henonis	McClure; (Lodd. ex Lindl.) Munro var. henonis (Mitf.) Stapf ex Rendle	Chinese Pharmacopoeia 2020 Edition (Volume I)	plant-derived medicine	Source: Zhongyao Da Baike (URL: https://www.zhongyibaike.com/wiki/%E7%AB%B9%E8%8C%B9)	phytomedicine	甘，微寒	归肺、胃、心、胆经	清热化痰，除烦，止呕	用于痰热咳嗽，胆火挟痰，惊悸不宁，心烦失眠，中风痰迷，舌强不语，胃热呕吐，妊娠恶阻，胎动不安
紫草	Zi Cao	Arnebiae Radix	Lithospermum erythrorhizon; Arnebia euchroma; Arnebia guttata	Sieb. et Zucc.; (Royle) Johnst.; Bunge	Chinese Pharmacopoeia 2020 Edition (Volume I)	plant-derived medicine	Medicinal part: dried root; Source: Zhongyao Da Baike, URL: https://www.zhongyibaike.com/wiki/%E7%B4%AB%E8%8D%89	phytomedicine	甘、咸，寒	归心、肝经	清热凉血，活血解毒，透疹消斑	用于血热毒盛，斑疹紫黑，麻疹不透，疮疡，湿疹，水火烫伤
紫花地丁	Zi Hua Di Ding	Violae Herba	Viola philippica	Cav.	Chinese Pharmacopoeia 2020 Edition (Volume I)	plant-derived medicine	Medicinal part: dried whole herb; Source: Zhongyao Da Baike, URL: https://www.zhongyibaike.com/wiki/%E7%B4%AB%E8%8A%B1%E5%9C%B0%E4%B8%81	phytomedicine	苦、辛，寒	归心、肝经	清热解毒，凉血消肿	用于疔疮肿毒，痈疽发背，丹毒，毒蛇咬伤
紫苏	Zi Su	Perillae Herba	Perilla frutescens	(L.) Britt.	Chinese Pharmacopoeia 2020 Edition (Volume I)	plant-derived medicine	Medicinal part: dried leaf; Source: Zhongyao Da Baike, URL: https://www.zhongyibaike.com/wiki/%E7%B4%AB%E8%8B%8F	phytomedicine	辛，温	归肺、脾经	降气化痰，止咳平喘，润肠通便	用于痰壅气逆，咳嗽气喘，肠燥便秘
紫苏梗	Zi Su Geng	Perillae Caulis	Perilla frutescens	(L.) Britt.	Zhongyao Da Baike	plant-derived medicine	Medicinal part: dried stem; collected after fruit ripening	phytomedicine	辛，温	归肺、脾经	理气宽中，止痛，安胎	用于胸膈痞闷，胃脘疼痛，嗳气呕吐，胎动不安
紫苏叶	Zi Su Ye	Perillae Folium	Perilla frutescens	(L.) Britt.	Chinese Pharmacopoeia 2020 Edition (ChP 2020, Volume 1)	plant-derived medicine	Medicinal part: dried leaf; ChP 2020 Vol.1, Page 506	phytomedicine	辛，温	归肺、脾经	解表散寒，行气和胃	用于风寒感冒，咳嗽呕恶，妊娠呕吐，鱼蟹中毒
紫苏子	Zi Su Zi	Perillae Fructus	Perilla frutescens	(L.) Britt.	Zhongyao Da Baike	plant-derived medicine	Medicinal part: dried ripe fruit; often stir-fried	phytomedicine	辛，温	归肺经	降气化痰，止咳平喘，润肠通便	用于痰壅气逆，咳嗽气喘，肠燥便秘
紫菀	Zi Wan	Asteris Radix et Rhizoma	Aster tataricus	L.f.	Chinese Pharmacopoeia 2020 Edition (ChP 2020, Volume 1)	plant-derived medicine	Medicinal part: dried root and rhizome; ChP 2020 Vol.1, Page 508	phytomedicine	辛、苦，温	归肺经	润肺下气，消痰止咳	用于痰多喘咳，新久咳嗽，劳嗽咳血
棕榈炭	Zong Lv Tan	Trachycarpi Petiolus Carbonisatus	Trachycarpus wagnerianus	Becc	Zhongyao Da Baike	plant-derived medicine (carbonized)	Medicinal part: carbonized petiole; processed by stir-frying to carbonize	phytomedicine	苦、涩，平	归肺经、肝经、大肠经	收敛止血	用于吐血，咯血，便血崩漏
